Country Name,Country Code,Indicator Name,Indicator Code,1960,1961,1962,1963,1964,1965,1966,1967,1968,1969,1970,1971,1972,1973,1974,1975,1976,1977,1978,1979,1980,1981,1982,1983,1984,1985,1986,1987,1988,1989,1990,1991,1992,1993,1994,1995,1996,1997,1998,1999,2000,2001,2002,2003,2004,2005,2006,2007,2008,2009,2010,2011,2012,2013,2014,2015,2016,2017,2018
Aruba,ABW,Current health expenditure per capita (current US$),SH.XPD.CHEX.PC.CD,,,,,,,,,,,,,,,,,,,,,,,,,,,,,,,,,,,,,,,,,,,,,,,,,,,,,,,,,,,
Afghanistan,AFG,Current health expenditure per capita (current US$),SH.XPD.CHEX.PC.CD,,,,,,,,,,,,,,,,,,,,,,,,,,,,,,,,,,,,,,,,,,,16.24954214,17.49073742,20.92708722,24.44651183,28.41666243,31.84018306,38.70049248,42.30451021,45.5877498,51.5532587,52.21850635,55.96754976,60.11276091,60.0888133,57.24876048,,
Angola,AGO,Current health expenditure per capita (current US$),SH.XPD.CHEX.PC.CD,,,,,,,,,,,,,,,,,,,,,,,,,,,,,,,,,,,,,,,,,12.9630333,28.85424468,28.96136464,34.71829685,49.52671847,53.93070101,69.42469956,92.45201615,135.2083092,119.8086139,96.64370053,122.1178088,122.2429435,143.7032035,131.7518748,108.6806695,95.22079857,,
Albania,ALB,Current health expenditure per capita (current US$),SH.XPD.CHEX.PC.CD,,,,,,,,,,,,,,,,,,,,,,,,,,,,,,,,,,,,,,,,,75.53147245,81.94641716,89.85832912,113.5839822,151.980517,165.8655118,172.7955964,216.4131347,239.6843506,206.9448201,203.2085885,246.8037602,246.7425456,277.6689966,313.2628968,264.4346027,271.5430426,,
Andorra,AND,Current health expenditure per capita (current US$),SH.XPD.CHEX.PC.CD,,,,,,,,,,,,,,,,,,,,,,,,,,,,,,,,,,,,,,,,,2050.647513,2081.27533,2256.349073,2774.089627,3161.482406,3536.122706,3689.705702,4094.544269,4201.729595,3911.895963,3754.731346,4013.911834,3857.161116,4107.733984,4346.258747,3698.117574,3834.730581,,
Arab World,ARB,Current health expenditure per capita (current US$),SH.XPD.CHEX.PC.CD,,,,,,,,,,,,,,,,,,,,,,,,,,,,,,,,,,,,,,,,,113.4518033,116.7492118,116.1129963,113.1468707,123.9838915,137.9156642,159.1069835,186.6764372,217.7137035,241.2341812,245.9909882,280.5737647,302.7554429,335.5636909,363.6735815,341.598943,336.8507839,,
United Arab Emirates,ARE,Current health expenditure per capita (current US$),SH.XPD.CHEX.PC.CD,,,,,,,,,,,,,,,,,,,,,,,,,,,,,,,,,,,,,,,,,781.8166914,771.6834882,850.9515259,879.3939344,890.3036995,915.0837678,985.3294997,1094.849669,1340.038707,1339.437497,1359.02545,1483.969557,1441.551031,1556.310909,1613.37514,1401.974477,1323.116803,,
Argentina,ARG,Current health expenditure per capita (current US$),SH.XPD.CHEX.PC.CD,,,,,,,,,,,,,,,,,,,,,,,,,,,,,,,,,,,,,,,,,705.1993209,671.5294394,223.3797079,261.4896648,299.6279442,390.9911012,448.4190322,552.2446557,693.855999,742.7024061,890.9648311,1068.380357,1161.002061,1207.898086,1086.727284,1298.683163,955.2009489,,
Armenia,ARM,Current health expenditure per capita (current US$),SH.XPD.CHEX.PC.CD,,,,,,,,,,,,,,,,,,,,,,,,,,,,,,,,,,,,,,,,,40.51081677,45.38831224,44.57370232,52.18970268,98.0726002,115.6364484,120.5991525,170.9126377,174.305846,140.3821745,169.421455,133.2231377,247.3189264,317.8587381,406.5937491,366.0492478,358.841748,,
American Samoa,ASM,Current health expenditure per capita (current US$),SH.XPD.CHEX.PC.CD,,,,,,,,,,,,,,,,,,,,,,,,,,,,,,,,,,,,,,,,,,,,,,,,,,,,,,,,,,,
Antigua and Barbuda,ATG,Current health expenditure per capita (current US$),SH.XPD.CHEX.PC.CD,,,,,,,,,,,,,,,,,,,,,,,,,,,,,,,,,,,,,,,,,383.915161,412.5683256,409.5523021,435.749271,427.586775,518.4354571,590.4313459,667.8933148,724.2776604,593.2349555,663.5261262,680.1294299,644.4180953,655.9971646,749.6386484,644.1400571,623.1146259,,
Australia,AUS,Current health expenditure per capita (current US$),SH.XPD.CHEX.PC.CD,,,,,,,,,,,,,,,,,,,,,,,,,,,,,,,,,,,,,,,,,1632.420025,1558.16965,1763.753179,2240.97772,2757.597161,3004.103,3177.485519,3794.238045,4088.804277,3997.509689,4952.776147,5876.878483,6047.020069,5838.389894,5637.559721,4887.794829,5002.358277,,
Austria,AUT,Current health expenditure per capita (current US$),SH.XPD.CHEX.PC.CD,,,,,,,,,,,,,,,,,,,,,,,,,,,,,,,,,,,,,,,,,2263.490457,2280.520423,2486.128558,3084.311307,3588.209832,3708.921144,3879.533161,4472.846727,5037.371983,4909.233253,4796.113589,5161.058295,4966.376687,5233.85371,5386.424803,4603.02588,4688.280204,,
Azerbaijan,AZE,Current health expenditure per capita (current US$),SH.XPD.CHEX.PC.CD,,,,,,,,,,,,,,,,,,,,,,,,,,,,,,,,,,,,,,,,,24.89211371,25.7122086,28.02454356,52.14592013,75.45278688,114.7621176,139.7019677,178.6787086,221.3572399,267.3839763,287.676229,333.8675952,374.4544053,405.6239406,440.3280774,377.4276412,268.1558652,,
Burundi,BDI,Current health expenditure per capita (current US$),SH.XPD.CHEX.PC.CD,,,,,,,,,,,,,,,,,,,,,,,,,,,,,,,,,,,,,,,,,8.3995933,8.56499886,7.92316811,7.12364983,9.81227421,12.67660378,16.49478688,18.07362977,18.12653995,21.64768483,26.13816583,24.6351297,21.62524176,22.03444551,16.00598109,14.38674708,18.46188216,,
Belgium,BEL,Current health expenditure per capita (current US$),SH.XPD.CHEX.PC.CD,,,,,,,,,,,,,,,,,,,,,,,,,,,,,,,,,,,,,,,,,1845.321081,1878.291165,2074.923844,2785.634156,3230.015177,3324.920587,3455.229853,3962.243044,4508.391186,4504.205636,4389.942997,4792.402858,4543.079626,4803.562697,4908.791855,4092.153436,4149.385322,,
Benin,BEN,Current health expenditure per capita (current US$),SH.XPD.CHEX.PC.CD,,,,,,,,,,,,,,,,,,,,,,,,,,,,,,,,,,,,,,,,,15.82836918,16.75965745,17.39034093,21.53937402,24.4999773,24.14852416,25.40396317,27.90012437,30.20895782,30.60145972,30.98648958,34.87116587,39.1033994,35.75758336,34.40215717,31.29439157,30.40151289,,
Burkina Faso,BFA,Current health expenditure per capita (current US$),SH.XPD.CHEX.PC.CD,,,,,,,,,,,,,,,,,,,,,,,,,,,,,,,,,,,,,,,,,7.52564316,7.70797987,8.71375206,11.74841644,17.61220904,18.08619955,21.3547242,27.96674999,29.78364972,31.59088375,33.91081732,34.68530369,32.97102135,43.01057125,39.55127795,33.51485241,40.94095568,,
Bangladesh,BGD,Current health expenditure per capita (current US$),SH.XPD.CHEX.PC.CD,,,,,,,,,,,,,,,,,,,,,,,,,,,,,,,,,,,,,,,,,8.30501829,8.11180565,9.05813237,9.96350615,10.74730592,11.25134348,11.95842439,13.88296064,15.32613641,17.38355544,20.17736083,22.15706873,22.74784885,25.85965612,28.834133,31.84148833,34.21796766,,
Bulgaria,BGR,Current health expenditure per capita (current US$),SH.XPD.CHEX.PC.CD,,,,,,,,,,,,,,,,,,,,,,,,,,,,,,,,,,,,,,,,,94.49745062,119.8299795,148.1479138,195.7437111,233.1133262,267.7413974,294.1089036,361.2349755,455.5406227,459.3001663,484.7522866,555.8641737,558.6479693,601.0488155,666.4014104,572.0449119,612.4785856,,
Bahrain,BHR,Current health expenditure per capita (current US$),SH.XPD.CHEX.PC.CD,,,,,,,,,,,,,,,,,,,,,,,,,,,,,,,,,,,,,,,,,485.6842516,484.9045456,503.0286853,567.2358114,550.3571328,570.2916731,591.3137791,692.9870445,757.7707708,785.2914022,796.3171415,805.2403913,971.1656315,1066.36641,1100.991473,1128.755854,1099.362291,,
"Bahamas, The",BHS,Current health expenditure per capita (current US$),SH.XPD.CHEX.PC.CD,,,,,,,,,,,,,,,,,,,,,,,,,,,,,,,,,,,,,,,,,1084.29286,1091.922741,1177.395304,1213.000323,1292.91902,1372.821178,1610.934104,1694.281508,1720.795237,1645.737989,1657.280951,1661.356147,1741.752881,1696.532711,1687.735007,1739.746354,1835.228202,,
Bosnia and Herzegovina,BIH,Current health expenditure per capita (current US$),SH.XPD.CHEX.PC.CD,,,,,,,,,,,,,,,,,,,,,,,,,,,,,,,,,,,,,,,,,113.0305838,111.7816112,126.8569844,180.4241322,243.4220436,261.7666739,302.3844404,386.9458148,481.7395914,423.845958,415.8838784,463.5262179,447.6091528,477.7616628,496.6091939,428.5418057,443.7837805,,
Belarus,BLR,Current health expenditure per capita (current US$),SH.XPD.CHEX.PC.CD,,,,,,,,,,,,,,,,,,,,,,,,,,,,,,,,,,,,,,,,,57.36072665,73.84975545,86.55201989,109.2133673,141.8443827,197.0818058,222.4656082,279.401729,349.7347473,289.0892671,341.7747082,317.9670739,363.8721621,453.8267567,447.7003537,360.9772219,317.9941906,,
Belize,BLZ,Current health expenditure per capita (current US$),SH.XPD.CHEX.PC.CD,,,,,,,,,,,,,,,,,,,,,,,,,,,,,,,,,,,,,,,,,132.6150557,144.6171838,137.4295363,156.7906458,156.7944757,165.8247846,174.3638645,197.5657408,207.6723336,226.194458,250.41443,251.7504815,248.7397721,268.3274629,273.8684396,291.2742746,303.6048377,,
Bermuda,BMU,Current health expenditure per capita (current US$),SH.XPD.CHEX.PC.CD,,,,,,,,,,,,,,,,,,,,,,,,,,,,,,,,,,,,,,,,,,,,,,,,,,,,,,,,,,,
Bolivia,BOL,Current health expenditure per capita (current US$),SH.XPD.CHEX.PC.CD,,,,,,,,,,,,,,,,,,,,,,,,,,,,,,,,,,,,,,,,,43.68352884,45.64089291,44.13570849,47.07165544,46.95573717,51.93206623,56.567511,64.15927552,78.71048376,90.28482224,100.9812816,120.3956968,135.5833533,162.8692343,180.4961378,197.617268,213.0173253,,
Brazil,BRA,Current health expenditure per capita (current US$),SH.XPD.CHEX.PC.CD,,,,,,,,,,,,,,,,,,,,,,,,,,,,,,,,,,,,,,,,,245.3573234,212.0083672,231.3334426,239.7876977,291.6991748,393.1676892,488.1996638,604.9819785,712.8293804,721.8451213,1090.782516,1288.081169,1234.04761,1250.55952,1301.101346,1002.998558,1015.934448,,
Barbados,BRB,Current health expenditure per capita (current US$),SH.XPD.CHEX.PC.CD,,,,,,,,,,,,,,,,,,,,,,,,,,,,,,,,,,,,,,,,,604.5227127,623.4923897,670.696147,787.9132861,922.6547984,943.5418767,1009.48687,1024.984893,1117.532984,1146.351486,1097.623883,1145.173138,1273.416553,1258.091982,1177.76114,1158.435132,1163.844561,,
Brunei Darussalam,BRN,Current health expenditure per capita (current US$),SH.XPD.CHEX.PC.CD,,,,,,,,,,,,,,,,,,,,,,,,,,,,,,,,,,,,,,,,,508.4323898,464.6770472,473.1113047,535.1319748,619.1319302,646.0823534,654.7131912,702.8585439,788.9667719,741.5542019,803.4938122,876.434037,881.997736,846.6196204,795.0393734,739.2253116,630.6293586,,
Bhutan,BTN,Current health expenditure per capita (current US$),SH.XPD.CHEX.PC.CD,,,,,,,,,,,,,,,,,,,,,,,,,,,,,,,,,,,,,,,,,31.84200234,36.80226322,36.71079354,38.00378377,46.79818328,47.1664245,54.0985917,63.93717343,56.39552546,58.03411592,69.80133315,74.48488781,80.10847711,81.93151693,82.32856853,91.11316938,91.33533448,,
Botswana,BWA,Current health expenditure per capita (current US$),SH.XPD.CHEX.PC.CD,,,,,,,,,,,,,,,,,,,,,,,,,,,,,,,,,,,,,,,,,194.8146491,206.0432712,144.9682009,240.8275589,304.9646973,281.2780255,269.2409985,300.1493113,321.4560276,349.8140075,380.966423,471.4581832,498.6568669,378.0230245,397.5705924,389.370982,379.9230078,,
Central African Republic,CAF,Current health expenditure per capita (current US$),SH.XPD.CHEX.PC.CD,,,,,,,,,,,,,,,,,,,,,,,,,,,,,,,,,,,,,,,,,11.73188334,9.71220904,11.25311244,12.85223459,13.00584773,15.43082239,15.50454429,18.94192623,18.37651002,19.55119713,16.70606813,18.75053966,18.71936536,16.34556226,18.30316205,21.97935292,16.36043526,,
Canada,CAN,Current health expenditure per capita (current US$),SH.XPD.CHEX.PC.CD,,,,,,,,,,,,,,,,,,,,,,,,,,,,,,,,,,,,,,,,,1998.634433,2054.408799,2150.886914,2551.522218,2913.394902,3282.904795,3709.824664,4125.219043,4389.184315,4290.776219,4984.501291,5297.949208,5352.773798,5295.881788,5038.155427,4501.689705,4458.214999,,
Central Europe and the Baltics,CEB,Current health expenditure per capita (current US$),SH.XPD.CHEX.PC.CD,,,,,,,,,,,,,,,,,,,,,,,,,,,,,,,,,,,,,,,,,221.1405253,252.2017656,298.2681164,372.9451998,447.0621389,522.3258297,580.2462293,729.9073299,926.9831707,841.5997622,854.9483755,906.5228332,850.6661931,919.7707209,931.028055,816.2784321,851.2360895,,
Switzerland,CHE,Current health expenditure per capita (current US$),SH.XPD.CHEX.PC.CD,,,,,,,,,,,,,,,,,,,,,,,,,,,,,,,,,,,,,,,,,3737.802997,3957.172299,4420.574329,5277.378939,5889.843868,5964.726228,5900.513759,6401.808009,7411.206009,7599.472749,8021.809438,9572.171799,9286.550224,9689.674791,10014.7093,9807.798182,9835.963686,,
Channel Islands,CHI,Current health expenditure per capita (current US$),SH.XPD.CHEX.PC.CD,,,,,,,,,,,,,,,,,,,,,,,,,,,,,,,,,,,,,,,,,,,,,,,,,,,,,,,,,,,
Chile,CHL,Current health expenditure per capita (current US$),SH.XPD.CHEX.PC.CD,,,,,,,,,,,,,,,,,,,,,,,,,,,,,,,,,,,,,,,,,358.8254288,328.6388651,324.3238693,351.0978502,428.619014,501.7507328,572.4164275,650.0741521,726.7157275,738.4603478,871.2634399,995.838461,1083.461678,1186.80259,1154.848199,1140.134686,1190.548545,,
China,CHN,Current health expenditure per capita (current US$),SH.XPD.CHEX.PC.CD,,,,,,,,,,,,,,,,,,,,,,,,,,,,,,,,,,,,,,,,,42.35367841,43.85884638,49.41679424,56.03277473,63.69899946,72.36211161,81.79034722,97.74692574,132.7853119,163.7121944,187.7334619,237.9336448,283.5221913,328.1848914,361.7244399,392.8460075,398.3315557,,
Cote d'Ivoire,CIV,Current health expenditure per capita (current US$),SH.XPD.CHEX.PC.CD,,,,,,,,,,,,,,,,,,,,,,,,,,,,,,,,,,,,,,,,,36.43015225,31.86103197,31.82879781,40.21857762,47.95493732,49.88198166,55.29722542,66.71609909,76.0567221,75.78453959,74.97267639,73.44966459,75.29444006,72.23057388,79.05314337,75.45261707,67.57069603,,
Cameroon,CMR,Current health expenditure per capita (current US$),SH.XPD.CHEX.PC.CD,,,,,,,,,,,,,,,,,,,,,,,,,,,,,,,,,,,,,,,,,26.29117421,27.67918869,31.32293085,38.89506822,41.6311147,42.66516151,44.36485256,50.578296,61.45114496,57.96943368,58.96177642,48.59146001,62.70305079,67.26609211,71.24243367,63.62799174,64.46729416,,
"Congo, Dem. Rep.",COD,Current health expenditure per capita (current US$),SH.XPD.CHEX.PC.CD,,,,,,,,,,,,,,,,,,,,,,,,,,,,,,,,,,,,,,,,,20.16247316,6.09181381,4.690651,6.68224321,8.62548194,9.34108564,11.2668685,12.43934844,16.35500834,13.5901713,12.8576483,12.64191034,14.25106852,16.33662202,19.38299666,20.111545,20.5175231,,
"Congo, Rep.",COG,Current health expenditure per capita (current US$),SH.XPD.CHEX.PC.CD,,,,,,,,,,,,,,,,,,,,,,,,,,,,,,,,,,,,,,,,,16.90870229,20.02143754,16.63050839,21.11861112,27.14760651,30.70922799,35.8638353,41.95578521,63.13312929,48.7714623,55.44844074,60.71307946,72.92818325,73.43602694,72.462584,58.44861964,70.37796786,,
Colombia,COL,Current health expenditure per capita (current US$),SH.XPD.CHEX.PC.CD,,,,,,,,,,,,,,,,,,,,,,,,,,,,,,,,,,,,,,,,,135.3859344,133.2450412,126.4276288,127.621257,141.8265738,187.1782141,214.3140375,269.5802367,327.8603515,329.2713244,391.0363598,418.9327236,448.2316128,466.6201959,459.4753247,364.041803,340.3654688,,
Comoros,COM,Current health expenditure per capita (current US$),SH.XPD.CHEX.PC.CD,,,,,,,,,,,,,,,,,,,,,,,,,,,,,,,,,,,,,,,,,45.59990733,43.3331155,48.36484004,57.4973649,62.66994664,62.44569028,62.499679,67.76602334,72.4941118,68.18515301,67.15080266,78.6099151,65.41310821,69.01913097,68.58201175,58.241607,59.00043787,,
Cabo Verde,CPV,Current health expenditure per capita (current US$),SH.XPD.CHEX.PC.CD,,,,,,,,,,,,,,,,,,,,,,,,,,,,,,,,,,,,,,,,,62.0360307,65.93231193,71.40619739,87.09820269,95.7708717,98.22501128,115.4680909,130.2969618,130.2870532,132.601647,148.2326743,158.1145827,172.4175942,186.6414084,186.6682257,159.2201547,159.07351,,
Costa Rica,CRI,Current health expenditure per capita (current US$),SH.XPD.CHEX.PC.CD,,,,,,,,,,,,,,,,,,,,,,,,,,,,,,,,,,,,,,,,,251.0935849,258.8064907,280.289439,291.7362996,294.6903461,314.472359,365.5856252,430.4782281,519.3451548,538.4426183,665.251421,742.9501488,773.9884471,811.5185623,829.5610887,885.8965203,888.8537005,,
Caribbean small states,CSS,Current health expenditure per capita (current US$),SH.XPD.CHEX.PC.CD,,,,,,,,,,,,,,,,,,,,,,,,,,,,,,,,,,,,,,,,,253.523746,247.9832733,269.1366476,279.7211614,323.1686368,349.5527438,388.0236987,436.2133839,475.5522359,465.0426642,489.698937,511.9879333,534.0498664,552.3513359,558.711389,582.0194403,569.8849688,,
Cuba,CUB,Current health expenditure per capita (current US$),SH.XPD.CHEX.PC.CD,,,,,,,,,,,,,,,,,,,,,,,,,,,,,,,,,,,,,,,,,180.3878158,197.6710714,212.9442487,226.6064381,231.4539323,330.8130535,386.2079741,568.5514294,608.3164586,674.0886121,606.6446217,692.5553157,597.5241371,705.1309935,855.9892766,972.730103,970.6461639,,
Curacao,CUW,Current health expenditure per capita (current US$),SH.XPD.CHEX.PC.CD,,,,,,,,,,,,,,,,,,,,,,,,,,,,,,,,,,,,,,,,,,,,,,,,,,,,,,,,,,,
Cayman Islands,CYM,Current health expenditure per capita (current US$),SH.XPD.CHEX.PC.CD,,,,,,,,,,,,,,,,,,,,,,,,,,,,,,,,,,,,,,,,,,,,,,,,,,,,,,,,,,,
Cyprus,CYP,Current health expenditure per capita (current US$),SH.XPD.CHEX.PC.CD,,,,,,,,,,,,,,,,,,,,,,,,,,,,,,,,,,,,,,,,,751.0773325,782.5985729,890.5235378,1123.609926,1258.179635,1328.412765,1432.182858,1641.701496,2156.660287,2105.022507,1958.802127,2153.402314,1942.217708,1920.270977,1847.553623,1581.638711,1634.430922,,
Czech Republic,CZE,Current health expenditure per capita (current US$),SH.XPD.CHEX.PC.CD,,,,,,,,,,,,,,,,,,,,,,,,,,,,,,,,,,,,,,,,,342.9210492,388.5440198,497.7420227,640.6604176,746.3289496,852.6524674,942.1180348,1110.176622,1449.336824,1442.242785,1373.931749,1516.555491,1387.406044,1554.508995,1512.926186,1284.046798,1321.620203,,
Germany,DEU,Current health expenditure per capita (current US$),SH.XPD.CHEX.PC.CD,,,,,,,,,,,,,,,,,,,,,,,,,,,,,,,,,,,,,,,,,2332.330775,2339.069805,2549.741501,3136.510929,3442.146441,3546.396345,3683.193848,4165.646983,4634.811738,4642.003532,4596.645775,5019.083653,4750.416957,5086.584068,5278.221878,4605.880772,4714.260873,,
Djibouti,DJI,Current health expenditure per capita (current US$),SH.XPD.CHEX.PC.CD,,,,,,,,,,,,,,,,,,,,,,,,,,,,,,,,,,,,,,,,,31.95798485,31.05513472,40.23333283,46.17570544,40.33253296,40.95962225,47.2321709,50.20168062,53.53124443,54.72465582,55.47851004,67.80436579,71.15094622,66.52605361,72.04343175,81.72909389,70.19033417,,
Dominica,DMA,Current health expenditure per capita (current US$),SH.XPD.CHEX.PC.CD,,,,,,,,,,,,,,,,,,,,,,,,,,,,,,,,,,,,,,,,,245.3890416,255.1838792,254.9737033,258.2507223,268.7001565,270.3455119,289.2307338,319.4908013,354.194217,394.8085445,387.0905214,399.1290194,396.0823989,381.6915231,398.3664951,399.046837,419.3659141,,
Denmark,DNK,Current health expenditure per capita (current US$),SH.XPD.CHEX.PC.CD,,,,,,,,,,,,,,,,,,,,,,,,,,,,,,,,,,,,,,,,,2496.047241,2602.642991,2895.807227,3607.043005,4194.873164,4442.755267,4778.891673,5468.379131,6137.776172,6221.689255,6011.537838,6281.004291,6003.830874,6236.553884,6380.784408,5469.334792,5565.593425,,
Dominican Republic,DOM,Current health expenditure per capita (current US$),SH.XPD.CHEX.PC.CD,,,,,,,,,,,,,,,,,,,,,,,,,,,,,,,,,,,,,,,,,136.6719102,141.4973278,144.8402642,99.78573936,104.7216143,167.3727125,161.6524169,193.8076711,233.6810443,250.353418,299.656102,326.6219365,351.5369364,351.3035816,371.2344003,390.9474803,414.17658,,
Algeria,DZA,Current health expenditure per capita (current US$),SH.XPD.CHEX.PC.CD,,,,,,,,,,,,,,,,,,,,,,,,,,,,,,,,,,,,,,,,,61.30289032,66.50473274,66.17266498,75.41760422,92.11506564,100.2941516,116.2412296,150.3797824,206.1130504,207.3460211,228.3995436,286.1519858,333.9366346,330.2236464,357.8985662,290.5032401,260.4125793,,
East Asia & Pacific (excluding high income),EAP,Current health expenditure per capita (current US$),SH.XPD.CHEX.PC.CD,,,,,,,,,,,,,,,,,,,,,,,,,,,,,,,,,,,,,,,,,38.11367732,39.21065518,43.76842547,50.02330611,56.26216301,64.59688864,74.17847394,88.79106917,116.1177328,138.0159077,160.4440822,199.5575522,233.2154382,265.019496,289.2505739,308.3171212,313.6996322,,
Early-demographic dividend,EAR,Current health expenditure per capita (current US$),SH.XPD.CHEX.PC.CD,,,,,,,,,,,,,,,,,,,,,,,,,,,,,,,,,,,,,,,,,65.6436216,66.84712018,60.70742319,67.31445983,76.00615169,87.0434238,96.5908052,112.3236312,123.6058241,125.7505048,144.4585134,157.9132253,163.7061897,169.5810984,173.6158165,177.0904173,158.1947475,,
East Asia & Pacific,EAS,Current health expenditure per capita (current US$),SH.XPD.CHEX.PC.CD,,,,,,,,,,,,,,,,,,,,,,,,,,,,,,,,,,,,,,,,,239.3016361,222.9442154,224.6302962,252.1344111,278.6610497,292.4988979,298.4407949,322.6278354,375.2519299,420.4634264,479.23918,587.7838248,627.4572049,605.3959612,615.3765285,601.8975808,638.6081353,,
Europe & Central Asia (excluding high income),ECA,Current health expenditure per capita (current US$),SH.XPD.CHEX.PC.CD,,,,,,,,,,,,,,,,,,,,,,,,,,,,,,,,,,,,,,,,,90.22420665,95.62397752,114.378773,142.7365448,181.932738,230.0590229,280.4919563,357.276597,443.4363611,383.5863663,417.0519181,467.8741096,502.718921,540.3279737,502.3713072,383.1089531,371.0547502,,
Europe & Central Asia,ECS,Current health expenditure per capita (current US$),SH.XPD.CHEX.PC.CD,,,,,,,,,,,,,,,,,,,,,,,,,,,,,,,,,,,,,,,,,909.818302,941.6998255,1058.420098,1318.294609,1527.517033,1629.723454,1744.386069,2006.553948,2245.815385,2155.539128,2143.527094,2324.810089,2229.923139,2380.789154,2425.070489,2099.499197,2092.785424,,
Ecuador,ECU,Current health expenditure per capita (current US$),SH.XPD.CHEX.PC.CD,,,,,,,,,,,,,,,,,,,,,,,,,,,,,,,,,,,,,,,,,48.09148439,71.15251427,97.35246488,132.3926011,150.3476039,168.5761067,190.5664892,210.592595,248.6487863,274.0058873,331.6893003,410.8297528,483.5228485,519.9339759,551.4692807,528.201462,504.782482,,
"Egypt, Arab Rep.",EGY,Current health expenditure per capita (current US$),SH.XPD.CHEX.PC.CD,,,,,,,,,,,,,,,,,,,,,,,,,,,,,,,,,,,,,,,,,72.52476666,71.97563985,67.21645378,52.98259935,53.06534883,62.81664606,70.1809435,77.66156169,95.62693327,104.9446022,111.4353496,123.2596129,143.3803754,140.3324516,153.7887639,156.6371314,130.9858695,,
Euro area,EMU,Current health expenditure per capita (current US$),SH.XPD.CHEX.PC.CD,,,,,,,,,,,,,,,,,,,,,,,,,,,,,,,,,,,,,,,,,1733.713075,1777.893603,1971.696332,2475.286586,2831.117758,2971.700253,3137.270221,3559.010924,4006.499373,3936.878801,3834.415151,4102.974728,3840.856615,4023.255425,4106.874509,3520.628059,3588.120607,,
Eritrea,ERI,Current health expenditure per capita (current US$),SH.XPD.CHEX.PC.CD,,,,,,,,,,,,,,,,,,,,,,,,,,,,,,,,,,,,,,,,,9.39300576,9.96148087,10.69895639,13.21901886,15.59273761,14.70170473,15.80497954,12.96315869,12.70316173,18.7524614,16.61465149,24.51723677,19.87064909,22.03240118,24.48536291,27.18065285,29.8912246,,
Spain,ESP,Current health expenditure per capita (current US$),SH.XPD.CHEX.PC.CD,,,,,,,,,,,,,,,,,,,,,,,,,,,,,,,,,,,,,,,,,1002.787027,1044.136961,1169.059987,1632.526864,1915.379897,2051.790263,2228.206706,2588.513538,2967.676672,2914.032071,2778.444191,2898.89693,2589.852193,2630.389325,2671.436965,2351.797646,2389.887408,,
Estonia,EST,Current health expenditure per capita (current US$),SH.XPD.CHEX.PC.CD,,,,,,,,,,,,,,,,,,,,,,,,,,,,,,,,,,,,,,,,,209.7131468,214.7041652,250.4802073,349.3602212,449.5163759,510.725804,618.0166203,832.4518513,1038.570982,963.0665035,926.4502423,1014.629865,1013.323102,1144.290391,1237.272333,1112.465956,1185.333348,,
Ethiopia,ETH,Current health expenditure per capita (current US$),SH.XPD.CHEX.PC.CD,,,,,,,,,,,,,,,,,,,,,,,,,,,,,,,,,,,,,,,,,5.35950243,5.57839044,5.22523175,5.79413777,5.83911949,6.6205837,8.17550878,11.45837214,13.40835761,14.80808019,16.69390514,15.12680273,20.72801009,19.98802132,22.43831346,25.11154955,27.52365701,,
European Union,EUU,Current health expenditure per capita (current US$),SH.XPD.CHEX.PC.CD,,,,,,,,,,,,,,,,,,,,,,,,,,,,,,,,,,,,,,,,,1450.315778,1497.648207,1673.353174,2087.979241,2410.624466,2546.661748,2706.005875,3091.921815,3425.696802,3315.569545,3261.184661,3511.933194,3323.766075,3559.169911,3668.401775,3206.054491,3211.398795,,
Fragile and conflict affected situations,FCS,Current health expenditure per capita (current US$),SH.XPD.CHEX.PC.CD,,,,,,,,,,,,,,,,,,,,,,,,,,,,,,,,,,,,,,,,,30.37074711,28.07748074,26.06001452,28.0841749,33.24138543,35.73717457,41.16350653,51.5202925,59.32487344,63.5170352,65.14318849,67.86553348,65.01745126,70.13580643,76.78297473,74.52637514,72.34420605,,
Finland,FIN,Current health expenditure per capita (current US$),SH.XPD.CHEX.PC.CD,,,,,,,,,,,,,,,,,,,,,,,,,,,,,,,,,,,,,,,,,1654.318898,1736.068206,1969.942285,2507.763175,2924.508178,3109.048884,3284.295368,3772.27623,4311.88874,4176.00212,4095.699421,4544.379048,4406.248731,4713.699705,4733.465625,4131.510811,4117.257782,,
Fiji,FJI,Current health expenditure per capita (current US$),SH.XPD.CHEX.PC.CD,,,,,,,,,,,,,,,,,,,,,,,,,,,,,,,,,,,,,,,,,77.00412095,64.16983253,73.01235535,91.34044731,117.6120653,129.0754821,136.0088306,150.905555,144.1117755,129.0674195,135.1620656,148.2068758,160.8294297,165.12782,184.7082497,174.4962672,179.91157,,
France,FRA,Current health expenditure per capita (current US$),SH.XPD.CHEX.PC.CD,,,,,,,,,,,,,,,,,,,,,,,,,,,,,,,,,,,,,,,,,2156.483253,2190.798774,2438.246769,2999.567388,3452.430338,3573.602553,3797.666683,4294.206168,4774.766397,4706.482381,4576.263887,4931.717411,4650.340253,4898.598135,5010.095094,4211.682206,4263.361561,,
Faroe Islands,FRO,Current health expenditure per capita (current US$),SH.XPD.CHEX.PC.CD,,,,,,,,,,,,,,,,,,,,,,,,,,,,,,,,,,,,,,,,,,,,,,,,,,,,,,,,,,,
"Micronesia, Fed. Sts.",FSM,Current health expenditure per capita (current US$),SH.XPD.CHEX.PC.CD,,,,,,,,,,,,,,,,,,,,,,,,,,,,,,,,,,,,,,,,,168.4108087,189.3203938,177.5257751,218.7334295,234.681967,270.9129346,256.0289164,271.1335178,299.4965447,338.0844556,371.0398008,387.4797039,377.3173724,363.4613604,350.0716467,368.0210076,386.6940552,,
Gabon,GAB,Current health expenditure per capita (current US$),SH.XPD.CHEX.PC.CD,,,,,,,,,,,,,,,,,,,,,,,,,,,,,,,,,,,,,,,,,127.3571745,125.3453269,136.6338452,173.0264542,189.4092225,197.796466,221.0299224,263.2390755,282.0726694,294.0741086,216.7141215,274.0899973,236.6305118,274.9890725,245.485328,197.9447153,220.3547089,,
United Kingdom,GBR,Current health expenditure per capita (current US$),SH.XPD.CHEX.PC.CD,,,,,,,,,,,,,,,,,,,,,,,,,,,,,,,,,,,,,,,,,1674.017768,1739.493526,1966.12667,2347.100267,2828.380758,3010.125514,3254.683035,3741.325756,3606.182713,3274.850149,3309.332813,3500.873155,3496.255035,4189.706106,4567.707884,4355.695222,3958.018894,,
Georgia,GEO,Current health expenditure per capita (current US$),SH.XPD.CHEX.PC.CD,,,,,,,,,,,,,,,,,,,,,,,,,,,,,,,,,,,,,,,,,47.90107049,50.79815136,59.08507345,71.9601786,94.03149353,118.6558506,136.7833193,177.2472186,255.9173836,246.9774867,262.526721,290.412414,323.0097784,334.9199339,348.8296876,280.9128658,308.0316512,,
Ghana,GHA,Current health expenditure per capita (current US$),SH.XPD.CHEX.PC.CD,,,,,,,,,,,,,,,,,,,,,,,,,,,,,,,,,,,,,,,,,16.98752671,20.07495348,19.92812949,24.13159225,28.10806997,43.22186289,49.18416742,58.75654451,67.77913263,66.83325738,80.46975657,99.25345172,89.84914679,111.0360514,81.51717279,82.40741505,67.50885898,,
Gibraltar,GIB,Current health expenditure per capita (current US$),SH.XPD.CHEX.PC.CD,,,,,,,,,,,,,,,,,,,,,,,,,,,,,,,,,,,,,,,,,,,,,,,,,,,,,,,,,,,
Guinea,GIN,Current health expenditure per capita (current US$),SH.XPD.CHEX.PC.CD,,,,,,,,,,,,,,,,,,,,,,,,,,,,,,,,,,,,,,,,,16.95452491,16.48102509,19.29929056,18.66372868,17.77384111,13.73113129,12.64381548,18.74588897,18.6329779,18.686462,19.50076044,23.30078358,22.9440726,25.13110881,35.60308986,42.25040344,37.45933893,,
"Gambia, The",GMB,Current health expenditure per capita (current US$),SH.XPD.CHEX.PC.CD,,,,,,,,,,,,,,,,,,,,,,,,,,,,,,,,,,,,,,,,,23.00798367,20.11997444,16.57744763,15.2053107,18.05745941,21.21098413,24.01049394,29.68015471,35.96464608,31.7608044,32.28450882,32.1282834,30.98698036,29.88498261,23.02137821,21.85383258,20.93043715,,
Guinea-Bissau,GNB,Current health expenditure per capita (current US$),SH.XPD.CHEX.PC.CD,,,,,,,,,,,,,,,,,,,,,,,,,,,,,,,,,,,,,,,,,20.72209631,18.4634104,16.45653918,20.7110975,27.04797304,27.14334485,26.9669749,34.20569025,40.68641547,36.29669833,34.64383589,37.36944936,29.30180678,29.52344511,41.43014495,38.13546422,39.05417469,,
Equatorial Guinea,GNQ,Current health expenditure per capita (current US$),SH.XPD.CHEX.PC.CD,,,,,,,,,,,,,,,,,,,,,,,,,,,,,,,,,,,,,,,,,44.39050669,56.25493156,68.90312205,97.76935022,132.595961,151.3926608,185.1636016,232.3387025,291.6271908,278.8635985,262.5166205,289.3451254,311.4183752,349.3504436,337.5628951,280.2240177,281.3745309,,
Greece,GRC,Current health expenditure per capita (current US$),SH.XPD.CHEX.PC.CD,,,,,,,,,,,,,,,,,,,,,,,,,,,,,,,,,,,,,,,,,885.4104608,1003.93696,1163.33169,1516.479445,1743.958342,2032.053588,2226.551421,2614.6776,3007.150751,2816.126306,2573.822453,2353.970674,1968.39728,1834.222982,1724.547685,1475.711553,1510.666713,,
Grenada,GRD,Current health expenditure per capita (current US$),SH.XPD.CHEX.PC.CD,,,,,,,,,,,,,,,,,,,,,,,,,,,,,,,,,,,,,,,,,261.0269369,273.9931264,304.4977691,301.3611903,299.4539115,355.9385571,393.9269094,416.4778903,446.7437417,442.3219242,448.6653154,445.140292,432.3276082,440.5542627,445.5585044,453.9700779,516.4170466,,
Greenland,GRL,Current health expenditure per capita (current US$),SH.XPD.CHEX.PC.CD,,,,,,,,,,,,,,,,,,,,,,,,,,,,,,,,,,,,,,,,,,,,,,,,,,,,,,,,,,,
Guatemala,GTM,Current health expenditure per capita (current US$),SH.XPD.CHEX.PC.CD,,,,,,,,,,,,,,,,,,,,,,,,,,,,,,,,,,,,,,,,,84.21531278,100.8577543,108.4192112,114.414888,120.8363067,131.6658629,148.2573063,158.4740671,173.7116465,165.6572473,171.7151027,186.8071374,194.175675,203.8307071,218.9659611,216.4198897,241.3522846,,
Guam,GUM,Current health expenditure per capita (current US$),SH.XPD.CHEX.PC.CD,,,,,,,,,,,,,,,,,,,,,,,,,,,,,,,,,,,,,,,,,,,,,,,,,,,,,,,,,,,
Guyana,GUY,Current health expenditure per capita (current US$),SH.XPD.CHEX.PC.CD,,,,,,,,,,,,,,,,,,,,,,,,,,,,,,,,,,,,,,,,,41.45058204,42.62030194,46.74137719,51.08487215,52.81553879,58.87233645,77.57027808,93.91708918,107.2545665,124.9429076,140.5747592,169.0260702,183.0462031,196.4320057,207.2130599,184.4525383,192.2736761,,
High income,HIC,Current health expenditure per capita (current US$),SH.XPD.CHEX.PC.CD,,,,,,,,,,,,,,,,,,,,,,,,,,,,,,,,,,,,,,,,,2370.936534,2456.397672,2633.58293,2989.962151,3288.427281,3473.234162,3654.591104,3963.581911,4250.115588,4323.336948,4472.764724,4813.953058,4832.350623,4903.036577,5035.230842,4889.127221,5027.726591,,
"Hong Kong SAR, China",HKG,Current health expenditure per capita (current US$),SH.XPD.CHEX.PC.CD,,,,,,,,,,,,,,,,,,,,,,,,,,,,,,,,,,,,,,,,,,,,,,,,,,,,,,,,,,,
Honduras,HND,Current health expenditure per capita (current US$),SH.XPD.CHEX.PC.CD,,,,,,,,,,,,,,,,,,,,,,,,,,,,,,,,,,,,,,,,,70.76519301,69.52587479,73.60421737,81.27610702,86.19769336,101.5951776,117.000118,130.7856392,150.5298985,161.0410274,166.7753354,184.711029,187.7450233,177.1825732,179.1514841,180.6053849,199.5545151,,
Heavily indebted poor countries (HIPC),HPC,Current health expenditure per capita (current US$),SH.XPD.CHEX.PC.CD,,,,,,,,,,,,,,,,,,,,,,,,,,,,,,,,,,,,,,,,,17.09927225,16.1756762,16.82211903,19.50164087,22.99283225,26.48549606,31.05804087,36.5584803,40.8598216,41.11588773,43.22701106,46.13029871,46.63491689,50.79324357,50.826234,50.62076795,49.67808389,,
Croatia,HRV,Current health expenditure per capita (current US$),SH.XPD.CHEX.PC.CD,,,,,,,,,,,,,,,,,,,,,,,,,,,,,,,,,,,,,,,,,371.0621196,388.9668229,387.3292731,512.1521316,634.620306,727.1309975,816.0170198,1041.034397,1258.872403,1187.545307,1126.3736,1132.498867,1029.971183,930.7201554,957.6612413,838.4440782,884.4911137,,
Haiti,HTI,Current health expenditure per capita (current US$),SH.XPD.CHEX.PC.CD,,,,,,,,,,,,,,,,,,,,,,,,,,,,,,,,,,,,,,,,,29.61171986,26.64746829,21.79095919,18.16031501,23.48988972,24.70739644,28.52183567,36.87393971,39.71974843,40.71285631,54.6409318,75.3724753,73.34101189,58.19069094,63.88166505,41.90517442,37.7231276,,
Hungary,HUN,Current health expenditure per capita (current US$),SH.XPD.CHEX.PC.CD,,,,,,,,,,,,,,,,,,,,,,,,,,,,,,,,,,,,,,,,,313.1085687,359.6969785,473.1282137,682.8658875,798.4536531,895.2033323,893.2029287,1003.257927,1117.202461,943.6874973,983.1107045,1063.432072,961.1384024,990.6309174,1006.156658,887.8072961,942.591963,,
IBRD only,IBD,Current health expenditure per capita (current US$),SH.XPD.CHEX.PC.CD,,,,,,,,,,,,,,,,,,,,,,,,,,,,,,,,,,,,,,,,,73.96363958,75.27832506,75.85192965,84.5058881,98.56694233,117.0568119,135.0376882,163.2638958,196.479615,201.7246437,241.4656613,279.4740116,297.1802933,317.3495076,326.6304336,312.454502,301.1830083,,
IDA & IBRD total,IBT,Current health expenditure per capita (current US$),SH.XPD.CHEX.PC.CD,,,,,,,,,,,,,,,,,,,,,,,,,,,,,,,,,,,,,,,,,61.93806338,62.76321993,63.06103272,70.58338624,82.03880731,97.09789448,112.0578034,134.8890008,161.3992693,164.8706375,195.4780008,224.7961173,238.2317193,254.6678013,261.9515084,250.2609635,241.0089547,,
IDA total,IDA,Current health expenditure per capita (current US$),SH.XPD.CHEX.PC.CD,,,,,,,,,,,,,,,,,,,,,,,,,,,,,,,,,,,,,,,,,15.94475343,15.48300718,16.32266752,20.05276539,22.82112556,26.50028038,31.81091326,37.07363123,42.01429069,41.04106328,44.56067403,47.67314116,49.9341008,54.213968,57.87475458,56.64869568,54.00956555,,
IDA blend,IDB,Current health expenditure per capita (current US$),SH.XPD.CHEX.PC.CD,,,,,,,,,,,,,,,,,,,,,,,,,,,,,,,,,,,,,,,,,17.96162817,17.36309553,18.06550388,25.28246797,28.0438029,33.54322771,42.38233087,48.73507151,55.11467334,50.10507259,55.72894428,59.45997608,65.5818755,71.69650037,77.08189583,73.40300447,67.48771351,,
Indonesia,IDN,Current health expenditure per capita (current US$),SH.XPD.CHEX.PC.CD,,,,,,,,,,,,,,,,,,,,,,,,,,,,,,,,,,,,,,,,,16.25378136,17.76708986,20.11166199,26.64473004,27.13468191,35.43886504,46.09786862,58.03127089,61.77248042,64.90525763,92.18704117,107.4081531,107.0563891,107.195208,108.8372707,100.215247,111.5532193,,
IDA only,IDX,Current health expenditure per capita (current US$),SH.XPD.CHEX.PC.CD,,,,,,,,,,,,,,,,,,,,,,,,,,,,,,,,,,,,,,,,,14.92450098,14.53311282,15.46708052,17.4904325,20.26650617,23.05940445,26.64974595,31.38120748,35.61745485,36.61225676,38.91930746,41.70930358,42.00799408,45.16084726,47.92800652,47.97202867,46.8332702,,
Isle of Man,IMN,Current health expenditure per capita (current US$),SH.XPD.CHEX.PC.CD,,,,,,,,,,,,,,,,,,,,,,,,,,,,,,,,,,,,,,,,,,,,,,,,,,,,,,,,,,,
India,IND,Current health expenditure per capita (current US$),SH.XPD.CHEX.PC.CD,,,,,,,,,,,,,,,,,,,,,,,,,,,,,,,,,,,,,,,,,18.56432338,19.86275888,20.30065615,22.06719108,25.14221009,27.7514487,29.65160001,35.96347771,37.99359996,38.41241243,45.25077162,48.72283264,49.05140288,56.21846375,57.15113738,58.96633802,62.71555407,,
Not classified,INX,Current health expenditure per capita (current US$),SH.XPD.CHEX.PC.CD,,,,,,,,,,,,,,,,,,,,,,,,,,,,,,,,,,,,,,,,,,,,,,,,,,,,,,,,,,,
Ireland,IRL,Current health expenditure per capita (current US$),SH.XPD.CHEX.PC.CD,,,,,,,,,,,,,,,,,,,,,,,,,,,,,,,,,,,,,,,,,1560.950542,1822.140361,2190.017813,2904.407454,3476.919699,3936.62397,4143.448853,4852.221215,5616.048398,5480.83262,5128.45058,5600.507234,5294.749435,5349.063768,5390.544576,4626.162684,4758.594315,,
"Iran, Islamic Rep.",IRN,Current health expenditure per capita (current US$),SH.XPD.CHEX.PC.CD,,,,,,,,,,,,,,,,,,,,,,,,,,,,,,,,,,,,,,,,,80.23736803,93.70489267,104.6841344,115.4462612,141.042583,173.206543,197.9138475,245.9896588,299.4399334,367.5755927,440.8525072,524.6916222,519.30358,413.7277577,382.7058941,375.1260201,415.3911998,,
Iraq,IRQ,Current health expenditure per capita (current US$),SH.XPD.CHEX.PC.CD,,,,,,,,,,,,,,,,,,,,,,,,,,,,,,,,,,,,,,,,,,,,28.15644668,53.50298763,53.59041149,56.67925254,97.20552877,129.6965949,163.1466226,145.4638422,163.4209172,178.9398509,194.7803022,187.0112102,154.4774984,152.6425484,,
Iceland,ISL,Current health expenditure per capita (current US$),SH.XPD.CHEX.PC.CD,,,,,,,,,,,,,,,,,,,,,,,,,,,,,,,,,,,,,,,,,2888.12209,2553.172498,3077.84787,3947.908594,4506.240463,5238.372913,5068.977475,6036.254657,4873.891921,3655.3225,3675.762185,3927.685238,3775.836297,4095.549793,4514.532908,4281.575538,5063.605832,,
Israel,ISR,Current health expenditure per capita (current US$),SH.XPD.CHEX.PC.CD,,,,,,,,,,,,,,,,,,,,,,,,,,,,,,,,,,,,,,,,,1496.903472,1541.581538,1387.595917,1417.595713,1471.511398,1537.706861,1580.635261,1786.246468,2128.827929,2023.597236,2218.186431,2420.643955,2386.756692,2658.983276,2800.501777,2735.316722,2837.139639,,
Italy,ITA,Current health expenditure per capita (current US$),SH.XPD.CHEX.PC.CD,,,,,,,,,,,,,,,,,,,,,,,,,,,,,,,,,,,,,,,,,1520.453642,1585.269951,1754.25531,2158.177131,2561.030665,2676.486754,2830.181814,3088.470097,3489.985726,3324.37362,3214.546282,3387.575618,3125.611468,3195.553285,3190.088143,2708.926827,2738.706124,,
Jamaica,JAM,Current health expenditure per capita (current US$),SH.XPD.CHEX.PC.CD,,,,,,,,,,,,,,,,,,,,,,,,,,,,,,,,,,,,,,,,,195.53065,181.138253,174.9438451,158.3518306,196.0519283,181.8004226,193.5883999,236.3373041,255.6469097,214.2374894,234.5828712,250.9009546,260.3164963,262.4212877,254.0866436,279.5194555,296.2461483,,
Jordan,JOR,Current health expenditure per capita (current US$),SH.XPD.CHEX.PC.CD,,,,,,,,,,,,,,,,,,,,,,,,,,,,,,,,,,,,,,,,,159.7515098,170.8268327,174.9880186,172.2284717,185.9997312,195.245744,204.4032021,229.3342409,296.377705,331.8196438,308.6578992,317.5778092,309.442208,293.4598739,301.537718,257.4155191,223.5381988,,
Japan,JPN,Current health expenditure per capita (current US$),SH.XPD.CHEX.PC.CD,,,,,,,,,,,,,,,,,,,,,,,,,,,,,,,,,,,,,,,,,2740.465025,2479.623481,2404.466805,2642.032461,2875.722141,2883.083247,2754.157447,2772.455448,3213.398809,3685.825237,4060.190083,5087.102201,5212.06938,4336.149947,4099.46508,3733.67326,4233.033276,,
Kazakhstan,KAZ,Current health expenditure per capita (current US$),SH.XPD.CHEX.PC.CD,,,,,,,,,,,,,,,,,,,,,,,,,,,,,,,,,,,,,,,,,50.54054775,51.12458368,58.95578382,75.32722344,111.5294889,143.2312005,175.0882718,178.6246923,253.3905732,248.5250269,246.1910625,311.4428531,379.6693506,371.7100865,347.6559719,320.7375917,262.0090142,,
Kenya,KEN,Current health expenditure per capita (current US$),SH.XPD.CHEX.PC.CD,,,,,,,,,,,,,,,,,,,,,,,,,,,,,,,,,,,,,,,,,21.25797124,21.6768588,22.32654935,25.43789347,27.52698012,30.96095574,40.93828937,50.32187067,55.47107433,55.46074117,59.16981655,57.38742427,64.83936005,67.83928365,70.80068596,66.01589102,66.20980967,,
Kyrgyz Republic,KGZ,Current health expenditure per capita (current US$),SH.XPD.CHEX.PC.CD,,,,,,,,,,,,,,,,,,,,,,,,,,,,,,,,,,,,,,,,,12.29035324,13.16226943,14.77491574,22.3265869,27.23736869,36.11369779,45.94963004,50.79243196,63.73428455,60.58198207,61.4532889,79.99365745,100.4761842,105.660175,107.5061505,82.19766459,72.87788481,,
Cambodia,KHM,Current health expenditure per capita (current US$),SH.XPD.CHEX.PC.CD,,,,,,,,,,,,,,,,,,,,,,,,,,,,,,,,,,,,,,,,,19.73552627,22.60054995,24.62588952,25.22071917,28.98328904,32.49756451,33.02982799,30.96545685,49.23015402,55.98244139,54.30473225,66.21792343,69.06165372,72.00948792,73.29931442,72.0516479,77.67368199,,
Kiribati,KIR,Current health expenditure per capita (current US$),SH.XPD.CHEX.PC.CD,,,,,,,,,,,,,,,,,,,,,,,,,,,,,,,,,,,,,,,,,68.88175575,90.61243086,98.46152862,108.1970279,140.2285712,139.9230956,135.0248067,156.8075605,201.4915897,177.1810581,139.8535635,148.8939391,153.6522227,161.55893,161.3866057,117.9573619,188.0490879,,
St. Kitts and Nevis,KNA,Current health expenditure per capita (current US$),SH.XPD.CHEX.PC.CD,,,,,,,,,,,,,,,,,,,,,,,,,,,,,,,,,,,,,,,,,445.421298,438.0188443,458.8899446,471.3420922,474.6488398,532.0631537,652.4373708,664.2041123,819.8809069,804.5994171,789.3650639,829.8640826,764.1683612,781.5547722,825.652259,831.6758507,930.7651831,,
"Korea, Rep.",KOR,Current health expenditure per capita (current US$),SH.XPD.CHEX.PC.CD,,,,,,,,,,,,,,,,,,,,,,,,,,,,,,,,,,,,,,,,,473.916029,522.9351747,557.553968,657.7601266,732.0706861,901.8456712,1083.581932,1241.380594,1161.835105,1117.365867,1378.393657,1523.456741,1575.789914,1711.87491,1910.438714,1926.605479,2043.86064,,
Kuwait,KWT,Current health expenditure per capita (current US$),SH.XPD.CHEX.PC.CD,,,,,,,,,,,,,,,,,,,,,,,,,,,,,,,,,,,,,,,,,462.5890692,596.6914412,635.4162622,713.1562531,742.3007924,843.8959269,962.5646933,976.8039702,1074.297279,1454.546272,1061.365617,1263.820736,1319.254454,1251.39154,1375.003395,1168.828478,1068.323213,,
Latin America & Caribbean (excluding high income),LAC,Current health expenditure per capita (current US$),SH.XPD.CHEX.PC.CD,,,,,,,,,,,,,,,,,,,,,,,,,,,,,,,,,,,,,,,,,212.1708366,212.1864672,220.9692989,230.1321152,262.6254666,321.4021636,375.3164409,448.9998803,507.3294918,505.7844834,671.3724921,755.1880883,744.4193001,762.7244591,798.1124691,703.8697971,640.4824396,,
Lao PDR,LAO,Current health expenditure per capita (current US$),SH.XPD.CHEX.PC.CD,,,,,,,,,,,,,,,,,,,,,,,,,,,,,,,,,,,,,,,,,14.37282246,14.75230451,13.17213421,17.96418865,16.56813604,17.67869721,19.58856174,25.19356067,27.16463183,36.21541099,34.99106906,27.51471885,32.98599447,44.1285816,46.37335713,52.98524397,55.21359284,,
Lebanon,LBN,Current health expenditure per capita (current US$),SH.XPD.CHEX.PC.CD,,,,,,,,,,,,,,,,,,,,,,,,,,,,,,,,,,,,,,,,,569.8598534,545.8056415,496.3659577,456.4795577,438.1266227,407.0260646,470.0803586,520.050548,553.7247244,592.9928013,659.3505459,711.584325,713.5562772,676.8220949,680.0324562,661.4825291,662.1270576,,
Liberia,LBR,Current health expenditure per capita (current US$),SH.XPD.CHEX.PC.CD,,,,,,,,,,,,,,,,,,,,,,,,,,,,,,,,,,,,,,,,,12.10241158,9.80004614,8.2881862,7.49196958,21.76626489,25.56605115,24.30587662,36.00618181,34.80905702,43.79278546,44.57002365,53.61320717,55.21412554,57.77823261,63.81318203,71.94082732,68.31283566,,
Libya,LBY,Current health expenditure per capita (current US$),SH.XPD.CHEX.PC.CD,,,,,,,,,,,,,,,,,,,,,,,,,,,,,,,,,,,,,,,,,244.7727934,254.0350855,181.1029732,189.8436998,201.9602587,212.2737453,235.0012435,275.6832971,321.5144859,355.9369214,400.8640343,312.5773146,,,,,,,
St. Lucia,LCA,Current health expenditure per capita (current US$),SH.XPD.CHEX.PC.CD,,,,,,,,,,,,,,,,,,,,,,,,,,,,,,,,,,,,,,,,,283.3162158,288.2432251,303.6445506,322.1581984,312.3702849,337.1146521,402.6401914,445.8429446,445.2794478,409.9590897,455.8374471,490.1884686,481.9363175,486.8693106,501.1735066,493.5594774,489.7613949,,
Latin America & Caribbean,LCN,Current health expenditure per capita (current US$),SH.XPD.CHEX.PC.CD,,,,,,,,,,,,,,,,,,,,,,,,,,,,,,,,,,,,,,,,,255.9395579,252.4229734,226.9896745,238.3715373,272.5169959,333.6595222,388.356314,464.3001197,529.6564986,532.6137222,695.0733538,786.7283813,787.2827056,811.2271048,833.7645147,764.387329,688.675492,,
Least developed countries: UN classification,LDC,Current health expenditure per capita (current US$),SH.XPD.CHEX.PC.CD,,,,,,,,,,,,,,,,,,,,,,,,,,,,,,,,,,,,,,,,,12.22391969,12.12117746,13.0306522,15.00469099,17.87907817,20.18834698,23.80566672,28.34511523,32.72023987,33.27834889,34.70268281,37.77813801,38.46007888,42.44969203,45.52434298,45.13217551,43.80059245,,
Low income,LIC,Current health expenditure per capita (current US$),SH.XPD.CHEX.PC.CD,,,,,,,,,,,,,,,,,,,,,,,,,,,,,,,,,,,,,,,,,14.9426755,14.11432467,14.9176784,16.63983685,19.37280112,21.55351085,24.34896356,28.0467853,31.75025612,31.91469261,35.34443208,35.72237693,36.45179457,37.28152749,39.81045233,37.18381211,35.06338304,,
Liechtenstein,LIE,Current health expenditure per capita (current US$),SH.XPD.CHEX.PC.CD,,,,,,,,,,,,,,,,,,,,,,,,,,,,,,,,,,,,,,,,,,,,,,,,,,,,,,,,,,,
Sri Lanka,LKA,Current health expenditure per capita (current US$),SH.XPD.CHEX.PC.CD,,,,,,,,,,,,,,,,,,,,,,,,,,,,,,,,,,,,,,,,,43.70681947,41.32081127,42.85560186,42.38858294,50.96248646,57.36343338,65.48427919,73.84448545,93.08516206,100.5638447,108.6149672,119.4628684,114.0491267,138.5542096,138.7720929,151.3675976,153.0967841,,
Lower middle income,LMC,Current health expenditure per capita (current US$),SH.XPD.CHEX.PC.CD,,,,,,,,,,,,,,,,,,,,,,,,,,,,,,,,,,,,,,,,,21.80699609,22.79413697,23.46382809,26.83670954,30.15377133,35.21777113,40.82161187,48.91648596,54.64848956,54.45692244,62.93701457,69.63793965,72.94249999,79.75863419,80.2069401,79.14360802,80.3974631,,
Low & middle income,LMY,Current health expenditure per capita (current US$),SH.XPD.CHEX.PC.CD,,,,,,,,,,,,,,,,,,,,,,,,,,,,,,,,,,,,,,,,,54.13599517,55.06867641,58.73636899,65.86503362,76.53184244,90.55531084,104.7450367,126.1576267,150.0757195,154.3252191,183.5032965,211.3816573,224.2918429,240.1051819,248.6687449,236.3185805,229.0265511,,
Lesotho,LSO,Current health expenditure per capita (current US$),SH.XPD.CHEX.PC.CD,,,,,,,,,,,,,,,,,,,,,,,,,,,,,,,,,,,,,,,,,28.54430168,28.20800176,23.83827213,33.14006158,41.98515635,41.74268961,49.15748384,65.36341757,68.41861194,79.97032204,93.27350523,120.7744207,112.9770684,110.7641788,108.4617426,97.47032959,85.51857328,,
Late-demographic dividend,LTE,Current health expenditure per capita (current US$),SH.XPD.CHEX.PC.CD,,,,,,,,,,,,,,,,,,,,,,,,,,,,,,,,,,,,,,,,,82.47012848,83.87184164,93.18369933,104.7482976,123.7496314,149.549713,176.4466327,217.3222579,274.4184297,285.9934883,343.2759966,409.3863705,439.9096178,478.9943906,501.8520231,467.4660591,469.8469843,,
Lithuania,LTU,Current health expenditure per capita (current US$),SH.XPD.CHEX.PC.CD,,,,,,,,,,,,,,,,,,,,,,,,,,,,,,,,,,,,,,,,,217.1761374,218.8180176,254.3668959,338.8630768,366.9596818,438.9326587,536.0573809,704.2842542,936.487923,864.7547458,805.2219626,925.4665652,896.9579893,958.9370752,1021.222566,920.1929349,987.9493137,,
Luxembourg,LUX,Current health expenditure per capita (current US$),SH.XPD.CHEX.PC.CD,,,,,,,,,,,,,,,,,,,,,,,,,,,,,,,,,,,,,,,,,2894.010934,3106.138853,3583.471931,4596.061031,5601.103635,5817.070683,6066.413647,6661.919079,7547.583875,7639.637271,7451.574721,7165.353721,7096.703518,7535.910257,7757.088555,6353.284459,6271.437588,,
Latvia,LVA,Current health expenditure per capita (current US$),SH.XPD.CHEX.PC.CD,,,,,,,,,,,,,,,,,,,,,,,,,,,,,,,,,,,,,,,,,181.5707254,205.0204843,237.2951674,280.5087934,393.2980511,440.8097431,552.3016152,807.0425947,913.521527,744.6616444,689.0771916,764.5917414,745.5174457,807.129969,855.6263899,775.5519751,874.2035772,,
"Macao SAR, China",MAC,Current health expenditure per capita (current US$),SH.XPD.CHEX.PC.CD,,,,,,,,,,,,,,,,,,,,,,,,,,,,,,,,,,,,,,,,,,,,,,,,,,,,,,,,,,,
St. Martin (French part),MAF,Current health expenditure per capita (current US$),SH.XPD.CHEX.PC.CD,,,,,,,,,,,,,,,,,,,,,,,,,,,,,,,,,,,,,,,,,,,,,,,,,,,,,,,,,,,
Morocco,MAR,Current health expenditure per capita (current US$),SH.XPD.CHEX.PC.CD,,,,,,,,,,,,,,,,,,,,,,,,,,,,,,,,,,,,,,,,,53.58208131,55.84341273,63.39969074,79.44081001,93.43574485,97.32471002,109.8731647,137.2692706,155.243204,169.6273039,168.6640117,176.8651459,169.4891687,178.3749983,182.3083164,157.3570268,171.4501845,,
Monaco,MCO,Current health expenditure per capita (current US$),SH.XPD.CHEX.PC.CD,,,,,,,,,,,,,,,,,,,,,,,,,,,,,,,,,,,,,,,,,1410.947143,1436.012407,1569.309498,2229.6728,2585.013677,2632.587495,2690.291215,2989.082719,3476.536249,3397.767886,3369.752869,3533.554498,3397.885389,3711.65388,3864.936631,3315.454287,2939.844964,,
Moldova,MDA,Current health expenditure per capita (current US$),SH.XPD.CHEX.PC.CD,,,,,,,,,,,,,,,,,,,,,,,,,,,,,,,,,,,,,,,,,21.38238125,25.41445043,33.94077311,38.43836891,64.60714187,79.33212666,100.108153,135.4436701,185.5611443,208.5300288,198.2889469,214.9824801,223.6189634,231.6622984,230.7698223,186.4364421,171.1901319,,
Madagascar,MDG,Current health expenditure per capita (current US$),SH.XPD.CHEX.PC.CD,,,,,,,,,,,,,,,,,,,,,,,,,,,,,,,,,,,,,,,,,13.24554805,15.92119576,15.49120685,15.28367538,13.46910375,15.18742066,16.4165102,19.67165303,21.26703314,20.0691574,21.95881931,22.66598263,17.63762225,19.53075654,22.99713268,22.13168481,24.11914971,,
Maldives,MDV,Current health expenditure per capita (current US$),SH.XPD.CHEX.PC.CD,,,,,,,,,,,,,,,,,,,,,,,,,,,,,,,,,,,,,,,,,221.1403353,229.5926715,247.1714423,235.989088,295.7519289,322.0964554,387.260501,461.7489642,755.1885625,667.7262261,602.6596615,585.9229743,648.1460173,674.5965341,716.1892537,852.1490781,1047.843932,,
Middle East & North Africa,MEA,Current health expenditure per capita (current US$),SH.XPD.CHEX.PC.CD,,,,,,,,,,,,,,,,,,,,,,,,,,,,,,,,,,,,,,,,,146.5311523,153.5496824,152.2757513,149.4158832,164.6146864,183.8924467,206.1824647,240.9451422,285.2825827,316.8056451,338.9702474,388.4316549,409.7305592,426.3701379,448.6806238,421.9058918,435.2060865,,
Mexico,MEX,Current health expenditure per capita (current US$),SH.XPD.CHEX.PC.CD,,,,,,,,,,,,,,,,,,,,,,,,,,,,,,,,,,,,,,,,,309.6332636,353.903415,375.242382,401.454563,435.2888586,472.1081183,501.0375703,542.7859539,527.9523808,450.0320173,518.5691457,547.2699909,562.9292717,604.3098071,585.8949875,525.1862332,461.7866471,,
Marshall Islands,MHL,Current health expenditure per capita (current US$),SH.XPD.CHEX.PC.CD,,,,,,,,,,,,,,,,,,,,,,,,,,,,,,,,,,,,,,,,,535.2504074,472.1640189,456.8031941,463.3636887,545.3914045,696.9285563,758.1255617,661.2049025,637.1614577,611.1770069,607.4715689,627.6458072,657.2114578,703.6904893,650.0903248,768.340548,851.3429126,,
Middle income,MIC,Current health expenditure per capita (current US$),SH.XPD.CHEX.PC.CD,,,,,,,,,,,,,,,,,,,,,,,,,,,,,,,,,,,,,,,,,57.56509355,58.70533592,62.89435959,70.58817185,82.10858501,97.40132044,112.8575084,136.2277228,162.4270466,167.3141096,199.8838365,231.0993207,245.7153577,262.8153687,272.440308,259.3558612,250.9782319,,
North Macedonia,MKD,Current health expenditure per capita (current US$),SH.XPD.CHEX.PC.CD,,,,,,,,,,,,,,,,,,,,,,,,,,,,,,,,,,,,,,,,,164.4768801,152.1566015,175.0395271,217.2165464,232.1805415,234.1402257,246.2354912,266.1058924,315.4410375,296.9730532,305.3469358,329.9451988,310.7508239,350.2340788,343.9353639,307.4845516,327.8433461,,
Mali,MLI,Current health expenditure per capita (current US$),SH.XPD.CHEX.PC.CD,,,,,,,,,,,,,,,,,,,,,,,,,,,,,,,,,,,,,,,,,13.74202478,13.16674166,14.54596717,18.18421662,22.89893382,24.32357576,27.39906916,31.25930578,33.1394894,32.72717307,31.36370581,34.23571815,34.216301,42.195893,38.01019679,30.83265288,29.7866224,,
Malta,MLT,Current health expenditure per capita (current US$),SH.XPD.CHEX.PC.CD,,,,,,,,,,,,,,,,,,,,,,,,,,,,,,,,,,,,,,,,,641.2171517,682.3468595,831.3847407,1075.224429,1223.566861,1381.287174,1475.697008,1595.859935,1751.918711,1677.430026,1733.070044,1960.425811,1984.600281,2289.644421,2463.715527,2249.910049,2327.781904,,
Myanmar,MMR,Current health expenditure per capita (current US$),SH.XPD.CHEX.PC.CD,,,,,,,,,,,,,,,,,,,,,,,,,,,,,,,,,,,,,,,,,3.34035464,3.39619727,5.19882728,4.71231535,4.78925014,5.18754313,5.63223265,7.04213173,10.44496719,13.65033943,15.33668661,19.31740974,23.28002509,25.49489986,64.22121992,61.98536576,62.10872783,,
Middle East & North Africa (excluding high income),MNA,Current health expenditure per capita (current US$),SH.XPD.CHEX.PC.CD,,,,,,,,,,,,,,,,,,,,,,,,,,,,,,,,,,,,,,,,,79.57747945,84.49026127,85.69622813,83.17068742,95.76367908,107.3551986,120.4065929,147.0410839,179.3391088,203.3639342,223.6508294,253.4449366,262.05673,250.286435,249.8605823,231.8092732,243.8419108,,
Montenegro,MNE,Current health expenditure per capita (current US$),SH.XPD.CHEX.PC.CD,,,,,,,,,,,,,,,,,,,,,,,,,,,,,,,,,,,,,,,,,,,,,,,,,,,,,,,,,531.7323024,,
Mongolia,MNG,Current health expenditure per capita (current US$),SH.XPD.CHEX.PC.CD,,,,,,,,,,,,,,,,,,,,,,,,,,,,,,,,,,,,,,,,,29.4304458,27.30047493,33.86444169,26.50237395,33.16710525,37.50834966,44.51630992,58.93150301,85.06039631,67.07622053,88.91862143,122.3609532,153.6124921,165.4568058,155.8286458,153.2406262,140.7082037,,
Northern Mariana Islands,MNP,Current health expenditure per capita (current US$),SH.XPD.CHEX.PC.CD,,,,,,,,,,,,,,,,,,,,,,,,,,,,,,,,,,,,,,,,,,,,,,,,,,,,,,,,,,,
Mozambique,MOZ,Current health expenditure per capita (current US$),SH.XPD.CHEX.PC.CD,,,,,,,,,,,,,,,,,,,,,,,,,,,,,,,,,,,,,,,,,10.49904735,12.57672225,13.30312553,14.91689654,16.7583439,23.37596691,23.34869704,22.93753562,22.80105426,22.73153649,21.20860339,23.23276143,30.60811274,32.36097719,36.54654576,27.37849738,19.20749469,,
Mauritania,MRT,Current health expenditure per capita (current US$),SH.XPD.CHEX.PC.CD,,,,,,,,,,,,,,,,,,,,,,,,,,,,,,,,,,,,,,,,,21.30858339,21.50126997,23.9095768,27.03731875,28.62739078,31.16226738,32.05526603,36.77570761,44.9058115,40.80838534,40.0749762,44.00234112,45.67228009,51.85372351,55.47625522,53.61152776,46.77139384,,
Mauritius,MUS,Current health expenditure per capita (current US$),SH.XPD.CHEX.PC.CD,,,,,,,,,,,,,,,,,,,,,,,,,,,,,,,,,,,,,,,,,118.9770632,119.4685379,135.9414357,162.0018632,189.9287989,197.6750514,209.1470137,235.8463725,321.8082488,310.1474027,367.1208105,396.6302363,398.1590762,452.5140394,559.5051151,529.1614076,553.0965277,,
Malawi,MWI,Current health expenditure per capita (current US$),SH.XPD.CHEX.PC.CD,,,,,,,,,,,,,,,,,,,,,,,,,,,,,,,,,,,,,,,,,8.90974657,7.5614843,10.98656729,12.16074242,15.72345911,16.97631346,20.59085392,24.54329393,32.05834745,34.79434998,33.22835282,38.38077056,31.75400262,38.54927575,34.41162976,34.00190172,29.58739886,,
Malaysia,MYS,Current health expenditure per capita (current US$),SH.XPD.CHEX.PC.CD,,,,,,,,,,,,,,,,,,,,,,,,,,,,,,,,,,,,,,,,,111.4155514,114.7081918,121.9134431,143.0026233,155.2648627,164.3391291,203.8542121,234.3573355,270.9453474,251.406182,292.8906935,352.5934203,382.2892514,388.6967655,421.9693889,376.0573582,361.5219737,,
North America,NAC,Current health expenditure per capita (current US$),SH.XPD.CHEX.PC.CD,,,,,,,,,,,,,,,,,,,,,,,,,,,,,,,,,,,,,,,,,4308.047762,4629.665813,5015.694049,5423.29869,5785.660755,6139.165614,6513.361863,6875.230381,7121.538785,7362.204067,7663.245759,7880.778326,8130.771722,8304.227745,8650.279798,9019.619559,9323.604708,,
Namibia,NAM,Current health expenditure per capita (current US$),SH.XPD.CHEX.PC.CD,,,,,,,,,,,,,,,,,,,,,,,,,,,,,,,,,,,,,,,,,212.5824259,187.7101288,177.3461131,275.2395105,361.9694733,443.1495809,471.0318007,459.3360231,397.0371377,340.9681815,491.5041103,544.1533897,528.3331931,474.036438,442.4414354,466.1060246,402.7570179,,
New Caledonia,NCL,Current health expenditure per capita (current US$),SH.XPD.CHEX.PC.CD,,,,,,,,,,,,,,,,,,,,,,,,,,,,,,,,,,,,,,,,,,,,,,,,,,,,,,,,,,,
Niger,NER,Current health expenditure per capita (current US$),SH.XPD.CHEX.PC.CD,,,,,,,,,,,,,,,,,,,,,,,,,,,,,,,,,,,,,,,,,9.05553424,9.90197567,11.03288243,12.68018034,14.73208302,18.53786766,20.02230051,21.29792216,24.81388053,24.3370344,22.67416641,24.97037431,22.87511953,24.82648275,25.14721013,25.7228197,22.68333964,,
Nigeria,NGA,Current health expenditure per capita (current US$),SH.XPD.CHEX.PC.CD,,,,,,,,,,,,,,,,,,,,,,,,,,,,,,,,,,,,,,,,,14.62143604,15.50513221,15.65516946,34.73341279,38.60641631,46.56397858,60.56598281,67.84039798,81.43560013,67.91492143,75.8629144,83.63537907,91.82935135,101.8147981,107.2197541,97.52209575,79.33990545,,
Nicaragua,NIC,Current health expenditure per capita (current US$),SH.XPD.CHEX.PC.CD,,,,,,,,,,,,,,,,,,,,,,,,,,,,,,,,,,,,,,,,,53.0108334,53.90678043,54.01645431,49.23512294,58.70445771,64.79385599,70.41860982,87.29951246,100.2701786,105.1174618,99.24694269,119.3581616,133.7992341,135.3099948,153.0401048,165.9079391,188.158313,,
Netherlands,NLD,Current health expenditure per capita (current US$),SH.XPD.CHEX.PC.CD,,,,,,,,,,,,,,,,,,,,,,,,,,,,,,,,,,,,,,,,,1836.196306,1985.478759,2298.526451,2986.655764,3409.730763,3857.731373,4084.576919,4739.784262,5427.698856,5326.710194,5249.393482,5645.347849,5402.497624,5628.606863,5675.55011,4662.167093,4742.030274,,
Norway,NOR,Current health expenditure per capita (current US$),SH.XPD.CHEX.PC.CD,,,,,,,,,,,,,,,,,,,,,,,,,,,,,,,,,,,,,,,,,2948.931536,3099.003569,3889.959391,4632.568491,5097.343996,5584.689421,5892.987366,6895.560521,7768.050079,7301.959903,7859.516365,8900.371875,8970.119648,9241.264871,9118.316771,7565.549817,7477.897607,,
Nepal,NPL,Current health expenditure per capita (current US$),SH.XPD.CHEX.PC.CD,,,,,,,,,,,,,,,,,,,,,,,,,,,,,,,,,,,,,,,,,8.62558027,10.60214573,10.78904848,11.39634026,13.28582898,14.51614587,14.00998487,17.51404534,19.23009454,21.20324868,29.97179738,34.31938102,33.50667902,34.68077456,41.00963263,45.14484343,45.45297766,,
Nauru,NRU,Current health expenditure per capita (current US$),SH.XPD.CHEX.PC.CD,,,,,,,,,,,,,,,,,,,,,,,,,,,,,,,,,,,,,,,,,292.0253636,270.3695256,294.3658313,343.6306067,317.0440371,326.8139283,362.1078639,588.6544984,814.4551425,566.1377008,650.2348119,688.4683701,857.5501808,690.6724261,909.9340447,903.2262516,1012.34966,,
New Zealand,NZL,Current health expenditure per capita (current US$),SH.XPD.CHEX.PC.CD,,,,,,,,,,,,,,,,,,,,,,,,,,,,,,,,,,,,,,,,,1053.891655,1049.376129,1246.313495,1610.937628,1983.658826,2295.178203,2301.87603,2699.345759,2839.066137,2700.886702,3216.223625,3626.029277,3806.579957,3955.532181,4144.538425,3582.27316,3745.216461,,
OECD members,OED,Current health expenditure per capita (current US$),SH.XPD.CHEX.PC.CD,,,,,,,,,,,,,,,,,,,,,,,,,,,,,,,,,,,,,,,,,2203.64133,2284.795105,2467.520049,2800.964515,3082.566088,3256.429622,3426.397908,3717.904899,3979.267772,4032.495389,4175.218328,4481.980598,4492.150998,4555.736451,4671.60448,4519.481218,4655.662257,,
Oman,OMN,Current health expenditure per capita (current US$),SH.XPD.CHEX.PC.CD,,,,,,,,,,,,,,,,,,,,,,,,,,,,,,,,,,,,,,,,,263.5154487,261.3363053,274.4469575,287.7733698,301.4245253,320.2098848,332.9471796,383.4000993,444.1979473,475.0041103,529.0764244,535.3108763,564.4051706,592.5321009,721.9329557,706.3706694,648.2772466,,
Other small states,OSS,Current health expenditure per capita (current US$),SH.XPD.CHEX.PC.CD,,,,,,,,,,,,,,,,,,,,,,,,,,,,,,,,,,,,,,,,,226.8169496,223.9051328,231.1445548,309.1273021,358.8872215,393.6857261,418.4434635,478.0056069,520.9297463,498.6999049,510.0350024,563.7152988,573.1169545,607.9534649,642.7713325,611.1431264,600.4179284,,
Pakistan,PAK,Current health expenditure per capita (current US$),SH.XPD.CHEX.PC.CD,,,,,,,,,,,,,,,,,,,,,,,,,,,,,,,,,,,,,,,,,16.01378463,14.02465724,15.72630455,14.97817013,16.24467336,20.70999266,26.09496126,29.77554022,26.98818286,25.27083952,26.5686252,28.48985369,28.46501237,31.55068096,36.52147697,37.88962344,39.57887533,,
Panama,PAN,Current health expenditure per capita (current US$),SH.XPD.CHEX.PC.CD,,,,,,,,,,,,,,,,,,,,,,,,,,,,,,,,,,,,,,,,,285.7429125,281.305397,292.3398766,287.9050533,326.3393406,304.6506414,350.4006724,427.0191861,489.8070366,530.5105823,579.5228266,619.0647563,705.2017945,790.0668148,883.6765885,929.7985434,1040.673192,,
Peru,PER,Current health expenditure per capita (current US$),SH.XPD.CHEX.PC.CD,,,,,,,,,,,,,,,,,,,,,,,,,,,,,,,,,,,,,,,,,90.2237687,97.60201032,106.1733943,112.2293938,117.2186461,123.5443754,141.7040978,158.7488973,188.6062133,206.7767353,238.6962984,264.8194367,303.3497593,318.6886055,331.8674472,314.0114255,316.437135,,
Philippines,PHL,Current health expenditure per capita (current US$),SH.XPD.CHEX.PC.CD,,,,,,,,,,,,,,,,,,,,,,,,,,,,,,,,,,,,,,,,,32.77552401,28.21158658,27.33492368,32.25115397,34.1830782,46.59819482,54.91727995,65.56161098,77.3146319,79.46683989,91.84031697,98.94901729,112.9456084,123.2141341,117.3398948,124.3834979,129.4326091,,
Palau,PLW,Current health expenditure per capita (current US$),SH.XPD.CHEX.PC.CD,,,,,,,,,,,,,,,,,,,,,,,,,,,,,,,,,,,,,,,,,675.6680104,638.8675067,667.8123736,705.2000051,888.7579024,868.2850548,912.8586898,955.4980513,924.8858414,932.2166208,1037.799668,1013.560775,1182.9529,1292.215684,1402.13528,1471.44771,1674.089909,,
Papua New Guinea,PNG,Current health expenditure per capita (current US$),SH.XPD.CHEX.PC.CD,,,,,,,,,,,,,,,,,,,,,,,,,,,,,,,,,,,,,,,,,19.48340245,19.53800482,20.77222395,22.4001284,26.43141258,28.4604264,31.32672412,34.86532007,36.71631442,38.95797768,42.25284029,56.75515326,76.42928191,83.92850494,107.0961839,72.70979965,55.15180669,,
Poland,POL,Current health expenditure per capita (current US$),SH.XPD.CHEX.PC.CD,,,,,,,,,,,,,,,,,,,,,,,,,,,,,,,,,,,,,,,,,238.0044864,282.8210423,315.8314514,339.3352202,392.0062414,465.7015557,524.0967581,660.9233735,892.59306,759.6093029,809.1963297,866.0971191,815.1378314,878.0893627,896.0129455,796.7381856,809.0149024,,
Pre-demographic dividend,PRE,Current health expenditure per capita (current US$),SH.XPD.CHEX.PC.CD,,,,,,,,,,,,,,,,,,,,,,,,,,,,,,,,,,,,,,,,,16.56029023,16.43492088,17.22121506,24.28891226,29.51462271,33.66812281,41.15260676,49.23904141,57.90717061,55.53453713,56.70334093,61.13359081,63.80882054,70.66023406,71.62164494,66.50974516,60.9116352,,
Puerto Rico,PRI,Current health expenditure per capita (current US$),SH.XPD.CHEX.PC.CD,,,,,,,,,,,,,,,,,,,,,,,,,,,,,,,,,,,,,,,,,,,,,,,,,,,,,,,,,,,
"Korea, Dem. People’s Rep.",PRK,Current health expenditure per capita (current US$),SH.XPD.CHEX.PC.CD,,,,,,,,,,,,,,,,,,,,,,,,,,,,,,,,,,,,,,,,,,,,,,,,,,,,,,,,,,,
Portugal,PRT,Current health expenditure per capita (current US$),SH.XPD.CHEX.PC.CD,,,,,,,,,,,,,,,,,,,,,,,,,,,,,,,,,,,,,,,,,967.1439309,988.7559862,1105.169549,1405.871123,1679.228313,1773.479226,1812.602376,2067.124077,2322.031698,2279.470963,2213.097918,2207.695657,1918.599233,1959.424664,1986.894638,1724.528405,1800.859919,,
Paraguay,PRY,Current health expenditure per capita (current US$),SH.XPD.CHEX.PC.CD,,,,,,,,,,,,,,,,,,,,,,,,,,,,,,,,,,,,,,,,,88.95467577,77.75455174,53.70084429,57.933054,70.33353407,75.07374791,96.02542386,124.3344618,168.037194,161.3183686,200.9926578,268.3582582,293.7500429,312.2220225,359.3796361,321.3438194,327.2351051,,
West Bank and Gaza,PSE,Current health expenditure per capita (current US$),SH.XPD.CHEX.PC.CD,,,,,,,,,,,,,,,,,,,,,,,,,,,,,,,,,,,,,,,,,,,,,,,,,,,,,,,,,,,
Pacific island small states,PSS,Current health expenditure per capita (current US$),SH.XPD.CHEX.PC.CD,,,,,,,,,,,,,,,,,,,,,,,,,,,,,,,,,,,,,,,,,91.66007347,87.93072843,92.50069271,103.8098497,126.9593797,143.8490345,150.7075149,158.0500764,164.4510225,153.6162316,163.0962361,179.8419942,185.2846372,191.666807,200.9549468,190.8690664,202.3225569,,
Post-demographic dividend,PST,Current health expenditure per capita (current US$),SH.XPD.CHEX.PC.CD,,,,,,,,,,,,,,,,,,,,,,,,,,,,,,,,,,,,,,,,,2457.33715,2552.056688,2761.803986,3142.100605,3459.802775,3655.477174,3849.843151,4176.697344,4473.346537,4560.404981,4723.327699,5084.772165,5107.910543,5182.390425,5329.187071,5177.279387,5350.871064,,
French Polynesia,PYF,Current health expenditure per capita (current US$),SH.XPD.CHEX.PC.CD,,,,,,,,,,,,,,,,,,,,,,,,,,,,,,,,,,,,,,,,,,,,,,,,,,,,,,,,,,,
Qatar,QAT,Current health expenditure per capita (current US$),SH.XPD.CHEX.PC.CD,,,,,,,,,,,,,,,,,,,,,,,,,,,,,,,,,,,,,,,,,602.3202397,657.9791835,736.7611567,1206.324305,1285.689261,1322.784799,1327.681595,1322.241802,1327.579087,1321.488705,1257.945977,1375.136476,1548.309292,1833.387475,2104.407228,2056.457064,1827.060344,,
Romania,ROU,Current health expenditure per capita (current US$),SH.XPD.CHEX.PC.CD,,,,,,,,,,,,,,,,,,,,,,,,,,,,,,,,,,,,,,,,,69.89345367,78.81753865,96.57699538,143.5455396,190.795054,254.5296154,291.0040855,415.0679246,521.3156276,449.3768922,472.2075179,426.6606392,401.7369258,495.3666417,503.4623518,442.371546,476.3683087,,
Russian Federation,RUS,Current health expenditure per capita (current US$),SH.XPD.CHEX.PC.CD,,,,,,,,,,,,,,,,,,,,,,,,,,,,,,,,,,,,,,,,,95.41753155,118.122331,140.7755781,164.6775458,209.2494324,271.9867213,352.7495219,461.8795235,609.8651294,516.6986306,567.3776823,684.7525909,760.0706477,811.1694308,742.2849645,501.8533349,469.1308678,,
Rwanda,RWA,Current health expenditure per capita (current US$),SH.XPD.CHEX.PC.CD,,,,,,,,,,,,,,,,,,,,,,,,,,,,,,,,,,,,,,,,,9.83706614,8.50699007,7.90723081,19.39789101,22.03002788,26.68534201,32.19096177,38.84206349,45.29317231,49.07529036,52.81532112,52.37445386,57.30288346,51.96947843,48.7316463,46.4036343,48.07821533,,
South Asia,SAS,Current health expenditure per capita (current US$),SH.XPD.CHEX.PC.CD,,,,,,,,,,,,,,,,,,,,,,,,,,,,,,,,,,,,,,,,,17.53796005,18.31704553,18.90000347,20.26499275,23.00551441,25.64402787,27.87525679,33.45090259,35.28443085,35.78401815,41.63071742,44.93465138,45.16918559,51.5597907,53.24994919,55.28109178,58.50187969,,
Saudi Arabia,SAU,Current health expenditure per capita (current US$),SH.XPD.CHEX.PC.CD,,,,,,,,,,,,,,,,,,,,,,,,,,,,,,,,,,,,,,,,,384.3902943,385.6501445,367.7966487,380.6986258,399.2155171,469.3561894,554.2558319,586.3957841,595.3254279,690.5139942,702.5630532,882.3187084,1017.090819,1113.491962,1284.789199,1243.627539,1147.33297,,
Sudan,SDN,Current health expenditure per capita (current US$),SH.XPD.CHEX.PC.CD,,,,,,,,,,,,,,,,,,,,,,,,,,,,,,,,,,,,,,,,,17.38329791,18.92264949,20.8700348,28.23375517,36.68495304,46.59826949,69.96349564,104.2639745,106.6891548,110.8227152,109.0750019,121.8944565,99.882219,123.0558683,115.544126,158.0203985,152.0221409,,
Senegal,SEN,Current health expenditure per capita (current US$),SH.XPD.CHEX.PC.CD,,,,,,,,,,,,,,,,,,,,,,,,,,,,,,,,,,,,,,,,,21.43638327,23.57945062,26.25845318,34.916848,41.95273742,35.6521177,37.56557057,39.03761129,47.0301365,47.68876423,48.74603613,54.75820395,53.50287792,58.74765001,60.0312823,50.96156574,52.60971245,,
Singapore,SGP,Current health expenditure per capita (current US$),SH.XPD.CHEX.PC.CD,,,,,,,,,,,,,,,,,,,,,,,,,,,,,,,,,,,,,,,,,820.6982388,706.734387,752.2897551,828.8669032,829.2339014,863.3361978,945.7785231,1084.877308,1275.14338,1318.523939,1502.198522,1687.443302,1848.433401,2098.9712,2215.178162,2301.537024,2462.393677,,
Solomon Islands,SLB,Current health expenditure per capita (current US$),SH.XPD.CHEX.PC.CD,,,,,,,,,,,,,,,,,,,,,,,,,,,,,,,,,,,,,,,,,50.3964396,63.7553141,58.94847003,55.81118187,68.13728329,92.69967062,90.78744681,91.56927282,97.33994165,91.48025679,93.66629322,122.7573313,108.929858,110.1899423,119.8366042,103.1630731,106.3393944,,
Sierra Leone,SLE,Current health expenditure per capita (current US$),SH.XPD.CHEX.PC.CD,,,,,,,,,,,,,,,,,,,,,,,,,,,,,,,,,,,,,,,,,23.41463522,25.25151753,28.88007504,28.86620708,29.19068915,32.19964761,33.50392071,36.01152331,40.12765354,43.16043116,43.68096064,59.10702295,59.50331762,82.22550533,139.7573331,119.824556,86.30818595,,
El Salvador,SLV,Current health expenditure per capita (current US$),SH.XPD.CHEX.PC.CD,,,,,,,,,,,,,,,,,,,,,,,,,,,,,,,,,,,,,,,,,181.8452642,185.0672253,185.1757394,185.5469322,192.1418483,203.8493863,204.7394542,208.9266414,217.9925343,230.2324354,240.2416627,257.7286292,257.1832074,271.5443064,276.2230027,283.2841144,293.8725567,,
San Marino,SMR,Current health expenditure per capita (current US$),SH.XPD.CHEX.PC.CD,,,,,,,,,,,,,,,,,,,,,,,,,,,,,,,,,,,,,,,,,2043.969045,2072.231333,2113.457417,2353.746759,2953.487314,3018.182603,3190.491789,3726.274353,4305.743353,4177.280004,3974.05671,4267.292253,4009.705601,4018.424378,3878.610908,3145.589113,3012.794236,,
Somalia,SOM,Current health expenditure per capita (current US$),SH.XPD.CHEX.PC.CD,,,,,,,,,,,,,,,,,,,,,,,,,,,,,,,,,,,,,,,,,,,,,,,,,,,,,,,,,,,
Serbia,SRB,Current health expenditure per capita (current US$),SH.XPD.CHEX.PC.CD,,,,,,,,,,,,,,,,,,,,,,,,,,,,,,,,,,,,,,,,,56.50499714,112.220614,173.2740532,230.1070892,274.4285756,307.5655435,371.5572969,547.1903514,672.9475621,575.8746981,545.3565525,619.1719018,559.8135582,627.5329555,608.8586528,491.2517514,494.420584,,
Sub-Saharan Africa (excluding high income),SSA,Current health expenditure per capita (current US$),SH.XPD.CHEX.PC.CD,,,,,,,,,,,,,,,,,,,,,,,,,,,,,,,,,,,,,,,,,31.56558945,29.43787093,27.87847341,40.13848978,48.57975767,54.54821243,61.37718221,68.70690312,74.0183486,72.97033647,83.13568062,89.65584573,90.0270844,91.76026522,91.14858041,85.626955,78.04293434,,
South Sudan,SSD,Current health expenditure per capita (current US$),SH.XPD.CHEX.PC.CD,,,,,,,,,,,,,,,,,,,,,,,,,,,,,,,,,,,,,,,,,,,,,,,,,,,,,,,,,,,
Sub-Saharan Africa,SSF,Current health expenditure per capita (current US$),SH.XPD.CHEX.PC.CD,,,,,,,,,,,,,,,,,,,,,,,,,,,,,,,,,,,,,,,,,31.60634554,29.47558296,27.91834836,40.17949219,48.62159189,54.58795662,61.41718296,68.74020595,74.04036005,72.9879947,83.16687368,89.68582211,90.06774245,91.79952288,91.18679817,85.66568793,78.09173515,,
Small states,SST,Current health expenditure per capita (current US$),SH.XPD.CHEX.PC.CD,,,,,,,,,,,,,,,,,,,,,,,,,,,,,,,,,,,,,,,,,223.5597649,219.9724042,230.2525652,288.8679985,335.6330544,367.6349574,394.3940676,448.4110507,488.5474909,469.7587019,483.9146572,529.271818,541.196754,571.3290023,599.4371461,579.8103886,570.8512447,,
Sao Tome and Principe,STP,Current health expenditure per capita (current US$),SH.XPD.CHEX.PC.CD,,,,,,,,,,,,,,,,,,,,,,,,,,,,,,,,,,,,,,,,,63.50747195,60.17055551,60.54604636,81.71565726,82.23891185,93.48349032,70.36052958,72.92216681,80.00211344,79.00755881,77.25468314,88.05805853,89.43569162,128.5503638,122.805045,86.91471547,105.1343853,,
Suriname,SUR,Current health expenditure per capita (current US$),SH.XPD.CHEX.PC.CD,,,,,,,,,,,,,,,,,,,,,,,,,,,,,,,,,,,,,,,,,168.8160959,112.0707763,187.9065631,204.8100018,252.8249282,289.5195768,345.8688278,339.4284392,393.0564762,428.1597399,460.8165775,448.6612407,495.349845,520.9408153,538.1601913,585.0482958,356.0514832,,
Slovak Republic,SVK,Current health expenditure per capita (current US$),SH.XPD.CHEX.PC.CD,,,,,,,,,,,,,,,,,,,,,,,,,,,,,,,,,,,,,,,,,203.5062699,212.2267042,254.1276604,344.4733461,519.3569377,601.3131897,729.0132737,1029.300341,1251.677228,1314.802285,1295.278933,1350.66922,1319.512897,1370.078237,1287.632737,1108.431734,1178.738231,,
Slovenia,SVN,Current health expenditure per capita (current US$),SH.XPD.CHEX.PC.CD,,,,,,,,,,,,,,,,,,,,,,,,,,,,,,,,,,,,,,,,,796.6470575,826.2257588,944.8714103,1203.063595,1368.648545,1449.189275,1541.664362,1793.575896,2170.666701,2116.540007,2015.180276,2144.995658,1974.965681,2054.797367,2059.640467,1775.1458,1834.160712,,
Sweden,SWE,Current health expenditure per capita (current US$),SH.XPD.CHEX.PC.CD,,,,,,,,,,,,,,,,,,,,,,,,,,,,,,,,,,,,,,,,,2173.193876,2169.957498,2477.208018,3134.474261,3513.293484,3573.54538,3788.660963,4321.837137,4652.809531,4151.798555,4437.118939,6386.692672,6273.509614,6723.074428,6628.45896,5623.214289,5710.591419,,
Eswatini,SWZ,Current health expenditure per capita (current US$),SH.XPD.CHEX.PC.CD,,,,,,,,,,,,,,,,,,,,,,,,,,,,,,,,,,,,,,,,,75.47778697,65.60045054,60.78021544,102.2407932,132.4027489,165.0346954,178.2556862,185.3278318,200.8996291,209.5656563,312.726667,330.2952937,283.9864147,263.8851811,251.9196273,231.4162312,220.5867326,,
Sint Maarten (Dutch part),SXM,Current health expenditure per capita (current US$),SH.XPD.CHEX.PC.CD,,,,,,,,,,,,,,,,,,,,,,,,,,,,,,,,,,,,,,,,,,,,,,,,,,,,,,,,,,,
Seychelles,SYC,Current health expenditure per capita (current US$),SH.XPD.CHEX.PC.CD,,,,,,,,,,,,,,,,,,,,,,,,,,,,,,,,,,,,,,,,,354.432992,335.9494452,350.6948132,384.9591167,411.307055,406.921484,418.2278785,372.4028552,275.7084503,238.5860894,380.4055072,391.0399297,506.0133396,496.965042,490.2197298,491.9746462,596.9230706,,
Syrian Arab Republic,SYR,Current health expenditure per capita (current US$),SH.XPD.CHEX.PC.CD,,,,,,,,,,,,,,,,,,,,,,,,,,,,,,,,,,,,,,,,,54.21872487,58.47274608,63.92448425,61.2731025,61.73590793,63.7910833,66.12247851,76.35433454,87.85649123,92.15205269,94.25392382,83.16037966,66.14174239,,,,,,
Turks and Caicos Islands,TCA,Current health expenditure per capita (current US$),SH.XPD.CHEX.PC.CD,,,,,,,,,,,,,,,,,,,,,,,,,,,,,,,,,,,,,,,,,,,,,,,,,,,,,,,,,,,
Chad,TCD,Current health expenditure per capita (current US$),SH.XPD.CHEX.PC.CD,,,,,,,,,,,,,,,,,,,,,,,,,,,,,,,,,,,,,,,,,10.25372417,11.81969785,18.16082718,18.23865336,28.29926497,32.07445588,34.75975595,34.96267017,37.88076904,35.86364862,36.48620983,38.72567404,34.92486746,47.42296057,46.88535547,35.52137759,31.68594246,,
East Asia & Pacific (IDA & IBRD countries),TEA,Current health expenditure per capita (current US$),SH.XPD.CHEX.PC.CD,,,,,,,,,,,,,,,,,,,,,,,,,,,,,,,,,,,,,,,,,38.12049892,39.21708742,43.77511499,50.03031508,56.27104319,64.60543676,74.18737267,88.80024489,116.1262803,138.024288,160.453332,199.5661266,233.2254469,265.0303263,289.2623192,308.3294208,313.7140573,,
Europe & Central Asia (IDA & IBRD countries),TEC,Current health expenditure per capita (current US$),SH.XPD.CHEX.PC.CD,,,,,,,,,,,,,,,,,,,,,,,,,,,,,,,,,,,,,,,,,106.1893565,115.1033609,134.9259451,163.7969903,204.9853113,255.7831391,307.2552966,390.7291399,490.8605487,424.3387725,457.9880501,508.6912946,534.6236703,572.8859416,540.0722841,422.23121,412.4432695,,
Togo,TGO,Current health expenditure per capita (current US$),SH.XPD.CHEX.PC.CD,,,,,,,,,,,,,,,,,,,,,,,,,,,,,,,,,,,,,,,,,9.78927764,9.84358749,11.04865131,13.51096533,14.89567734,15.73777015,16.52135556,19.46400279,23.56561256,26.0571604,30.8381707,34.65852785,34.57962801,38.62378932,40.19228962,35.21372574,38.77137729,,
Thailand,THA,Current health expenditure per capita (current US$),SH.XPD.CHEX.PC.CD,,,,,,,,,,,,,,,,,,,,,,,,,,,,,,,,,,,,,,,,,62.25963354,57.29093938,69.89766595,76.50308024,83.49060872,91.431294,104.4275635,126.8236044,151.4736263,152.4512955,172.057683,195.9386472,206.4404492,213.0030912,219.3661586,214.3841222,221.917676,,
Tajikistan,TJK,Current health expenditure per capita (current US$),SH.XPD.CHEX.PC.CD,,,,,,,,,,,,,,,,,,,,,,,,,,,,,,,,,,,,,,,,,5.97138335,7.66333058,8.32578534,11.11180175,14.82056111,17.56365139,20.20809688,28.75776124,41.51357058,39.00946222,42.34383803,48.89835113,57.10785716,65.9368249,74.30047894,62.96370158,55.69698772,,
Turkmenistan,TKM,Current health expenditure per capita (current US$),SH.XPD.CHEX.PC.CD,,,,,,,,,,,,,,,,,,,,,,,,,,,,,,,,,,,,,,,,,76.62702705,123.7084768,132.3034195,208.8676142,319.2585536,345.1430808,374.1834045,281.9350206,255.4769256,194.2539539,221.7985704,276.6516783,318.8073267,376.2238814,437.7528197,405.1263452,422.8488287,,
Latin America & the Caribbean (IDA & IBRD countries),TLA,Current health expenditure per capita (current US$),SH.XPD.CHEX.PC.CD,,,,,,,,,,,,,,,,,,,,,,,,,,,,,,,,,,,,,,,,,256.9254245,252.922004,226.499069,237.7586097,272.4351207,332.7831749,387.3462527,461.1605086,527.0627015,528.8323424,696.0081826,787.8318976,790.0890077,812.4753984,832.6494836,759.7081208,682.2007545,,
Timor-Leste,TLS,Current health expenditure per capita (current US$),SH.XPD.CHEX.PC.CD,,,,,,,,,,,,,,,,,,,,,,,,,,,,,,,,,,,,,,,,,,,12.61716342,14.49251706,18.84860509,23.76624283,25.98070895,28.62539614,41.86710447,48.6186099,51.39423986,63.05220574,70.14330285,81.68083177,78.84968346,87.39994537,79.89393546,,
Middle East & North Africa (IDA & IBRD countries),TMN,Current health expenditure per capita (current US$),SH.XPD.CHEX.PC.CD,,,,,,,,,,,,,,,,,,,,,,,,,,,,,,,,,,,,,,,,,79.57747945,84.49026127,85.69622813,83.17068742,95.76367908,107.3551986,120.4065929,147.0410839,179.3391088,203.3639342,223.6508294,253.4449366,262.05673,250.286435,249.8605823,231.8092732,243.8419108,,
Tonga,TON,Current health expenditure per capita (current US$),SH.XPD.CHEX.PC.CD,,,,,,,,,,,,,,,,,,,,,,,,,,,,,,,,,,,,,,,,,58.20842309,60.23655593,68.61404676,73.88211447,110.4952684,116.6039591,159.3274977,144.3258998,203.5049447,126.7026428,177.7108903,168.1062977,221.7187836,177.0313833,215.9649833,180.9068481,203.1502239,,
South Asia (IDA & IBRD),TSA,Current health expenditure per capita (current US$),SH.XPD.CHEX.PC.CD,,,,,,,,,,,,,,,,,,,,,,,,,,,,,,,,,,,,,,,,,17.53796005,18.31704553,18.90000347,20.26499275,23.00551441,25.64402787,27.87525679,33.45090259,35.28443085,35.78401815,41.63071742,44.93465138,45.16918559,51.5597907,53.24994919,55.28109178,58.50187969,,
Sub-Saharan Africa (IDA & IBRD countries),TSS,Current health expenditure per capita (current US$),SH.XPD.CHEX.PC.CD,,,,,,,,,,,,,,,,,,,,,,,,,,,,,,,,,,,,,,,,,31.60634554,29.47558296,27.91834836,40.17949219,48.62159189,54.58795662,61.41718296,68.74020595,74.04036005,72.9879947,83.16687368,89.68582211,90.06774245,91.79952288,91.18679817,85.66568793,78.09173515,,
Trinidad and Tobago,TTO,Current health expenditure per capita (current US$),SH.XPD.CHEX.PC.CD,,,,,,,,,,,,,,,,,,,,,,,,,,,,,,,,,,,,,,,,,277.0322823,284.1307508,338.0877268,373.826126,449.6348963,552.8814323,592.9677656,695.9529151,783.9505798,810.3723636,861.5486925,912.1310069,936.5905685,1017.28554,1060.561,1115.518221,1063.827062,,
Tunisia,TUN,Current health expenditure per capita (current US$),SH.XPD.CHEX.PC.CD,,,,,,,,,,,,,,,,,,,,,,,,,,,,,,,,,,,,,,,,,111.7662124,114.9828757,126.0006586,150.9116631,169.7565851,172.4176254,181.4615284,205.1417538,233.4981293,234.1922474,243.6066389,273.8082509,273.3438353,287.922294,290.9744968,268.2214035,256.5018448,,
Turkey,TUR,Current health expenditure per capita (current US$),SH.XPD.CHEX.PC.CD,,,,,,,,,,,,,,,,,,,,,,,,,,,,,,,,,,,,,,,,,199.5049172,153.6245917,186.6979998,238.6985547,299.5767268,364.9073304,416.8847055,512.7381312,570.6809801,500.0716035,539.3288059,531.6596554,524.8178363,552.4054806,527.2028417,454.6082921,468.6472813,,
Tuvalu,TUV,Current health expenditure per capita (current US$),SH.XPD.CHEX.PC.CD,,,,,,,,,,,,,,,,,,,,,,,,,,,,,,,,,,,,,,,,,358.0069541,271.338309,217.1963242,286.6313642,227.7545661,241.4284335,291.6992029,292.207884,311.98918,329.9137521,477.2046531,520.3873717,498.689523,511.7018501,522.2887182,453.0694429,507.3523714,,
Tanzania,TZA,Current health expenditure per capita (current US$),SH.XPD.CHEX.PC.CD,,,,,,,,,,,,,,,,,,,,,,,,,,,,,,,,,,,,,,,,,12.61511222,14.93465691,16.75818314,20.06667179,23.05469815,27.23142174,34.99075777,35.4863559,35.31939274,32.51586392,36.10598419,38.38072318,40.5350498,41.91663645,38.40435735,32.09312985,35.49967383,,
Uganda,UGA,Current health expenditure per capita (current US$),SH.XPD.CHEX.PC.CD,,,,,,,,,,,,,,,,,,,,,,,,,,,,,,,,,,,,,,,,,18.80055857,20.27122679,22.09596293,21.847657,30.91171251,38.23074025,43.30333508,51.54133947,56.74368617,55.21174747,62.66848192,53.6802174,53.27356031,49.63246481,48.20641504,39.77129236,37.60696696,,
Ukraine,UKR,Current health expenditure per capita (current US$),SH.XPD.CHEX.PC.CD,,,,,,,,,,,,,,,,,,,,,,,,,,,,,,,,,,,,,,,,,35.13172098,44.78530943,52.87698857,68.91821933,84.58527312,116.327714,148.3464917,185.8313861,215.6572562,168.201981,207.3542017,244.0137027,275.8533151,298.855679,197.3648081,141.7967902,141.1911478,,
Upper middle income,UMC,Current health expenditure per capita (current US$),SH.XPD.CHEX.PC.CD,,,,,,,,,,,,,,,,,,,,,,,,,,,,,,,,,,,,,,,,,93.92788688,95.55278956,103.7445404,115.8287824,136.3121914,162.8407614,189.3154409,229.6908855,278.7560267,290.0912571,350.0585653,409.5268121,438.5181586,468.5387677,489.9626348,464.6793495,449.0327494,,
Uruguay,URY,Current health expenditure per capita (current US$),SH.XPD.CHEX.PC.CD,,,,,,,,,,,,,,,,,,,,,,,,,,,,,,,,,,,,,,,,,687.6137828,668.6342159,430.013244,378.4234317,371.3134765,439.9535245,500.7889209,576.3894831,741.434213,808.4886245,1023.634063,1223.340085,1322.674976,1488.895135,1467.942503,1398.52422,1379.098557,,
United States,USA,Current health expenditure per capita (current US$),SH.XPD.CHEX.PC.CD,,,,,,,,,,,,,,,,,,,,,,,,,,,,,,,,,,,,,,,,,4559.888377,4910.552132,5328.066135,5736.8592,6099.514864,6451.471251,6819.389912,7175.472098,7420.259728,7698.896751,7957.729296,8165.461327,8438.337417,8638.820072,9053.431717,9524.35059,9869.742382,,
Uzbekistan,UZB,Current health expenditure per capita (current US$),SH.XPD.CHEX.PC.CD,,,,,,,,,,,,,,,,,,,,,,,,,,,,,,,,,,,,,,,,,29.66586789,25.74028648,20.48405467,21.42095968,23.29600707,27.16998391,31.88143411,40.25137835,51.12752954,61.56074831,72.27025516,84.40768629,104.700651,114.6617811,117.3688353,131.5048504,135.1111585,,
St. Vincent and the Grenadines,VCT,Current health expenditure per capita (current US$),SH.XPD.CHEX.PC.CD,,,,,,,,,,,,,,,,,,,,,,,,,,,,,,,,,,,,,,,,,135.5663308,145.975722,156.9170855,156.8081455,162.7670786,168.9924092,174.8341991,199.1967321,214.230974,222.4371767,233.5041302,220.8790376,244.1665082,250.0710732,244.194153,241.9191819,250.2166125,,
"Venezuela, RB",VEN,Current health expenditure per capita (current US$),SH.XPD.CHEX.PC.CD,,,,,,,,,,,,,,,,,,,,,,,,,,,,,,,,,,,,,,,,,239.3333115,265.8903368,185.6911398,169.2194171,210.4902802,263.1758245,348.9268106,479.9441347,642.6345726,803.3811375,830.4113331,691.4251212,693.9830188,635.1327743,906.46436,1578.440192,,,
British Virgin Islands,VGB,Current health expenditure per capita (current US$),SH.XPD.CHEX.PC.CD,,,,,,,,,,,,,,,,,,,,,,,,,,,,,,,,,,,,,,,,,,,,,,,,,,,,,,,,,,,
Virgin Islands (U.S.),VIR,Current health expenditure per capita (current US$),SH.XPD.CHEX.PC.CD,,,,,,,,,,,,,,,,,,,,,,,,,,,,,,,,,,,,,,,,,,,,,,,,,,,,,,,,,,,
Vietnam,VNM,Current health expenditure per capita (current US$),SH.XPD.CHEX.PC.CD,,,,,,,,,,,,,,,,,,,,,,,,,,,,,,,,,,,,,,,,,18.8283512,23.07425375,19.55471036,22.25064109,28.5842154,34.83954378,42.05620303,49.23758526,58.85296309,64.08854931,78.18682568,89.0189286,108.1571699,118.5485658,116.3602029,116.7361937,122.8411739,,
Vanuatu,VUT,Current health expenditure per capita (current US$),SH.XPD.CHEX.PC.CD,,,,,,,,,,,,,,,,,,,,,,,,,,,,,,,,,,,,,,,,,48.56809076,45.78108397,54.58415327,55.42841463,63.2918102,62.35200235,67.99958347,72.96443835,82.26808077,83.50609057,100.099884,114.5718934,118.9251328,131.5757538,108.804164,119.2415424,109.8141407,,
World,WLD,Current health expenditure per capita (current US$),SH.XPD.CHEX.PC.CD,,,,,,,,,,,,,,,,,,,,,,,,,,,,,,,,,,,,,,,,,472.2754657,485.8386218,516.3228038,580.4705676,638.741249,679.5857874,719.9829841,788.4094538,854.9252264,867.7221404,912.111849,987.9289562,997.9378767,1020.640482,1045.339962,1006.291779,1025.023496,,
Samoa,WSM,Current health expenditure per capita (current US$),SH.XPD.CHEX.PC.CD,,,,,,,,,,,,,,,,,,,,,,,,,,,,,,,,,,,,,,,,,62.98036499,58.81283229,76.12429503,85.67984477,108.9432229,126.175672,138.4928747,153.3132456,162.7754456,178.9496402,192.5092302,220.1610117,205.0393788,257.4493401,259.1813645,222.8976233,227.1485088,,
Kosovo,XKX,Current health expenditure per capita (current US$),SH.XPD.CHEX.PC.CD,,,,,,,,,,,,,,,,,,,,,,,,,,,,,,,,,,,,,,,,,,,,,,,,,,,,,,,,,,,
"Yemen, Rep.",YEM,Current health expenditure per capita (current US$),SH.XPD.CHEX.PC.CD,,,,,,,,,,,,,,,,,,,,,,,,,,,,,,,,,,,,,,,,,25.15491132,26.49779064,27.31301534,34.84279861,38.21946545,42.37379267,49.86103364,57.95329677,69.35739644,65.47783653,67.54758018,64.36103306,73.8260724,78.39015242,79.74615338,72.03946941,,,
South Africa,ZAF,Current health expenditure per capita (current US$),SH.XPD.CHEX.PC.CD,,,,,,,,,,,,,,,,,,,,,,,,,,,,,,,,,,,,,,,,,221.7829863,195.1963266,169.0221926,254.3037257,322.7163948,354.0624151,362.4636421,385.9999925,372.3551131,413.0740827,539.5676148,597.3594478,579.748563,526.4995752,509.833261,470.7969933,428.1760176,,
Zambia,ZMB,Current health expenditure per capita (current US$),SH.XPD.CHEX.PC.CD,,,,,,,,,,,,,,,,,,,,,,,,,,,,,,,,,,,,,,,,,24.45399675,24.78648035,25.62234087,30.85681189,37.38458457,47.44694491,60.50804763,48.07859696,54.928868,50.42586372,54.42088116,56.91175107,68.19180087,86.81954736,66.55567003,58.51765637,56.5441821,,
Zimbabwe,ZWE,Current health expenditure per capita (current US$),SH.XPD.CHEX.PC.CD,,,,,,,,,,,,,,,,,,,,,,,,,,,,,,,,,,,,,,,,,,,,,,,,,,,84.53079248,67.18038954,65.63810715,66.66762275,89.07984198,94.29000594,93.94222513,,
